nct_id,intervention_type
,
,BIOLOGICAL
,BIOLOGICAL
,BIOLOGICAL
,
,DEVICE
,BEHAVIORAL
,BEHAVIORAL
,DRUG
,DRUG
,DRUG
,DRUG
,DRUG
,DRUG
,GENETIC
,PROCEDURE
,PROCEDURE
,PROCEDURE
,PROCEDURE
,DRUG
,DRUG
,DRUG
,OTHER
,OTHER
,DRUG
,OTHER
,DRUG
,DRUG
,BIOLOGICAL
,DEVICE
,DRUG
,OTHER
,DRUG
,OTHER
,OTHER
,OTHER
,OTHER
,OTHER
,OTHER
,OTHER
,OTHER
,OTHER
,PROCEDURE
,PROCEDURE
,PROCEDURE
,DEVICE
,DIAGNOSTIC_TEST
,DIAGNOSTIC_TEST
,DIAGNOSTIC_TEST
,DIAGNOSTIC_TEST
,DIAGNOSTIC_TEST
,DEVICE
,DEVICE
,BEHAVIORAL
,BEHAVIORAL
,BEHAVIORAL
,DEVICE
,DEVICE
,BEHAVIORAL
,BEHAVIORAL
,BEHAVIORAL
,PROCEDURE
,DRUG
,PROCEDURE
,PROCEDURE
,PROCEDURE
,BIOLOGICAL
,DRUG
,OTHER
,OTHER
,DIAGNOSTIC_TEST
,OTHER
,BEHAVIORAL
,BEHAVIORAL
,RADIATION
,OTHER
,DRUG
,DRUG
,RADIATION
,DRUG
,DRUG
,OTHER
,OTHER
,OTHER
,OTHER
,DRUG
,DRUG
,DRUG
,DRUG
,DRUG
,DIETARY_SUPPLEMENT
,OTHER
,DRUG
,DRUG
,DRUG
,BEHAVIORAL
,BIOLOGICAL
,PROCEDURE
,PROCEDURE
,PROCEDURE
,PROCEDURE
,PROCEDURE
,PROCEDURE
,DRUG
,PROCEDURE
,DRUG
,DIAGNOSTIC_TEST
,BEHAVIORAL
,BEHAVIORAL
,RADIATION
,DRUG
,DRUG
,PROCEDURE
,OTHER
,
,DRUG
,DRUG
,DRUG
,PROCEDURE
,PROCEDURE
,PROCEDURE
,PROCEDURE
,PROCEDURE
,PROCEDURE
,PROCEDURE
,DRUG
,DRUG
,DRUG
,DRUG
,PROCEDURE
,PROCEDURE
,PROCEDURE
,DRUG
,DRUG
,DRUG
,DRUG
,DRUG
,DRUG
,BIOLOGICAL
,PROCEDURE
,DRUG
,DRUG
,PROCEDURE
,RADIATION
,DRUG
,PROCEDURE
,DRUG
,PROCEDURE
,RADIATION
,RADIATION
,PROCEDURE
,DRUG
,BIOLOGICAL
,PROCEDURE
,PROCEDURE
,OTHER
,PROCEDURE
,PROCEDURE
,PROCEDURE
,PROCEDURE
,PROCEDURE
,PROCEDURE
,DRUG
,DRUG
,DRUG
,DRUG
,RADIATION
,OTHER
,OTHER
,DEVICE
,OTHER
,OTHER
,BIOLOGICAL
,BIOLOGICAL
,BIOLOGICAL
,BIOLOGICAL
,BIOLOGICAL
,BIOLOGICAL
,
,BEHAVIORAL
,BIOLOGICAL
,DRUG
,DRUG
,DRUG
,DRUG
,DRUG
,DRUG
,DRUG
,DRUG
,DRUG
,BEHAVIORAL
,DIETARY_SUPPLEMENT
,DRUG
,DRUG
,
,RADIATION
,DRUG
,PROCEDURE
,DRUG
,RADIATION
,OTHER
,DRUG
,PROCEDURE
,RADIATION
,DRUG
,PROCEDURE
,PROCEDURE
,OTHER
,OTHER
,DRUG
,RADIATION
,DRUG
,RADIATION
,OTHER
,DRUG
,DRUG
,DIETARY_SUPPLEMENT
,BIOLOGICAL
,BIOLOGICAL
,DIETARY_SUPPLEMENT
,BIOLOGICAL
,BEHAVIORAL
,DRUG
,RADIATION
,RADIATION
,
,DRUG
,COMBINATION_PRODUCT
,DRUG
,OTHER
,DRUG
,DRUG
,DRUG
,DRUG
,DRUG
,DRUG
,DRUG
,OTHER
,RADIATION
,PROCEDURE
,DRUG
,DRUG
,DRUG
,DRUG
,DRUG
,DRUG
,DRUG
,DRUG
,DRUG
,GENETIC
,OTHER
,BIOLOGICAL
,BIOLOGICAL
,OTHER
,PROCEDURE
,PROCEDURE
,BIOLOGICAL
,DRUG
,DRUG
,OTHER
,OTHER
,DRUG
,DRUG
,DRUG
,OTHER
,BEHAVIORAL
,BIOLOGICAL
,PROCEDURE
,PROCEDURE
,DRUG
,PROCEDURE
,DRUG
,OTHER
,OTHER
,DRUG
,DRUG
,DRUG
,DRUG
,DIETARY_SUPPLEMENT
,DRUG
,
,BEHAVIORAL
,OTHER
,DRUG
,
,PROCEDURE
,PROCEDURE
,PROCEDURE
,DRUG
,PROCEDURE
,PROCEDURE
,OTHER
,OTHER
,DRUG
,PROCEDURE
,PROCEDURE
,BIOLOGICAL
,PROCEDURE
,OTHER
,OTHER
,RADIATION
,PROCEDURE
,DRUG
,DRUG
,
,DIETARY_SUPPLEMENT
,PROCEDURE
,PROCEDURE
,DRUG
,DRUG
,DRUG
,DRUG
,
,BIOLOGICAL
,PROCEDURE
,DRUG
,DRUG
,RADIATION
,OTHER
,PROCEDURE
,OTHER
,OTHER
,
,
,OTHER
,OTHER
,OTHER
,DRUG
,DRUG
,DRUG
,DRUG
,DRUG
,DRUG
,DEVICE
,DEVICE
,DEVICE
,DEVICE
,DEVICE
,DRUG
,DRUG
,DRUG
,DRUG
,
,DRUG
,DRUG
,OTHER
,DRUG
,DRUG
,DRUG
,DRUG
,OTHER
,DRUG
,DIETARY_SUPPLEMENT
,DIETARY_SUPPLEMENT
,DEVICE
,DEVICE
,
,DRUG
,DRUG
,BEHAVIORAL
,BEHAVIORAL
,OTHER
,DRUG
,DRUG
,DRUG
,
,PROCEDURE
,PROCEDURE
,PROCEDURE
,OTHER
,PROCEDURE
,PROCEDURE
,DRUG
,OTHER
,DRUG
,DRUG
,RADIATION
,OTHER
,PROCEDURE
,PROCEDURE
,DRUG
,PROCEDURE
,BIOLOGICAL
,DRUG
,PROCEDURE
,DRUG
,BIOLOGICAL
,DRUG
,BIOLOGICAL
,BIOLOGICAL
,DRUG
,COMBINATION_PRODUCT
,BIOLOGICAL
,BIOLOGICAL
,DRUG
,DRUG
,DRUG
,RADIATION
,DEVICE
,DEVICE
,DRUG
,DRUG
,BIOLOGICAL
,OTHER
,OTHER
,DRUG
,DRUG
,DRUG
,PROCEDURE
,PROCEDURE
,PROCEDURE
,PROCEDURE
,PROCEDURE
,PROCEDURE
,PROCEDURE
,PROCEDURE
,PROCEDURE
,RADIATION
,RADIATION
,DRUG
,DRUG
,BEHAVIORAL
,DRUG
,DRUG
,BIOLOGICAL
,OTHER
,PROCEDURE
,PROCEDURE
,DIAGNOSTIC_TEST
,OTHER
,DRUG
,DRUG
,DIAGNOSTIC_TEST
,
,
,
,DRUG
,DRUG
,PROCEDURE
,PROCEDURE
,OTHER
,DRUG
,OTHER
,OTHER
,DEVICE
,DRUG
,DRUG
,DRUG
,PROCEDURE
,PROCEDURE
,DEVICE
,DEVICE
,DIAGNOSTIC_TEST
,PROCEDURE
,OTHER
,OTHER
,PROCEDURE
,DEVICE
,PROCEDURE
,PROCEDURE
,PROCEDURE
,OTHER
,
,DRUG
,COMBINATION_PRODUCT
,OTHER
,DRUG
,DRUG
,DRUG
,PROCEDURE
,PROCEDURE
,OTHER
,BIOLOGICAL
,PROCEDURE
,OTHER
,OTHER
,OTHER
,BEHAVIORAL
,BEHAVIORAL
,
,DRUG
,DRUG
,DRUG
,DEVICE
,DRUG
,DRUG
,DRUG
,DEVICE
,OTHER
,DRUG
,OTHER
,DEVICE
,PROCEDURE
,PROCEDURE
,PROCEDURE
,DRUG
,PROCEDURE
,PROCEDURE
,PROCEDURE
,DRUG
,DRUG
,PROCEDURE
,DRUG
,PROCEDURE
,RADIATION
,DRUG
,DEVICE
,OTHER
,DEVICE
,OTHER
,BIOLOGICAL
,BIOLOGICAL
,DEVICE
,
,DRUG
,DRUG
,RADIATION
,RADIATION
,OTHER
,BEHAVIORAL
,OTHER
,OTHER
,DRUG
,
,RADIATION
,RADIATION
,DRUG
,DRUG
,OTHER
,DEVICE
,DEVICE
,DRUG
,DRUG
,PROCEDURE
,DRUG
,
,
,DRUG
,DRUG
,DRUG
,DRUG
,DRUG
,DRUG
,DIAGNOSTIC_TEST
,DRUG
,DRUG
,RADIATION
,DRUG
,DRUG
,
,DEVICE
,DEVICE
,DRUG
,DRUG
,DRUG
,DEVICE
,OTHER
,DRUG
,DRUG
,DEVICE
,OTHER
,OTHER
,BEHAVIORAL
,BEHAVIORAL
,OTHER
,OTHER
,PROCEDURE
,PROCEDURE
,
,PROCEDURE
,PROCEDURE
,PROCEDURE
,PROCEDURE
,PROCEDURE
,DRUG
,BIOLOGICAL
,DRUG
,BEHAVIORAL
,OTHER
,DIETARY_SUPPLEMENT
,OTHER
,COMBINATION_PRODUCT
,OTHER
,DRUG
,DRUG
,DRUG
,DRUG
,DRUG
,DRUG
,DRUG
,DRUG
,DRUG
,DRUG
,DRUG
,DRUG
,DRUG
,DRUG
,BEHAVIORAL
,BEHAVIORAL
,OTHER
,OTHER
,DRUG
,DIAGNOSTIC_TEST
,DRUG
,DRUG
,DIETARY_SUPPLEMENT
,DEVICE
,DEVICE
,OTHER
,OTHER
,OTHER
,PROCEDURE
,DRUG
,PROCEDURE
,PROCEDURE
,RADIATION
,DRUG
,PROCEDURE
,DRUG
,OTHER
,DRUG
,DRUG
,OTHER
,DRUG
,RADIATION
,PROCEDURE
,
,DRUG
,PROCEDURE
,PROCEDURE
,PROCEDURE
,BIOLOGICAL
,PROCEDURE
,BIOLOGICAL
,PROCEDURE
,PROCEDURE
,DRUG
,OTHER
,DRUG
,DRUG
,DRUG
,DRUG
,OTHER
,DIAGNOSTIC_TEST
,OTHER
,DRUG
,DRUG
,DEVICE
,DEVICE
,DEVICE
,DEVICE
,DRUG
,DRUG
,OTHER
,DRUG
,DRUG
,DRUG
,DRUG
,DRUG
,PROCEDURE
,DRUG
,DRUG
,DRUG
,OTHER
,DRUG
,DRUG
,DRUG
,PROCEDURE
,PROCEDURE
,DRUG
,DRUG
,PROCEDURE
,DRUG
,RADIATION
,OTHER
,COMBINATION_PRODUCT
,PROCEDURE
,PROCEDURE
,PROCEDURE
,BIOLOGICAL
,DRUG
,OTHER
,BIOLOGICAL
,PROCEDURE
,PROCEDURE
,PROCEDURE
,PROCEDURE
,PROCEDURE
,
,BEHAVIORAL
,BEHAVIORAL
,BEHAVIORAL
,BEHAVIORAL
,DRUG
,DRUG
,DRUG
,DRUG
,DEVICE
,DEVICE
,DRUG
,DRUG
,DRUG
,DRUG
,DRUG
,DRUG
,DRUG
,DRUG
,DRUG
,DRUG
,DRUG
,DRUG
,OTHER
,OTHER
,OTHER
,
,PROCEDURE
,
,DRUG
,BIOLOGICAL
,OTHER
,OTHER
,
,DRUG
,DRUG
,DRUG
,
,
,
,
,OTHER
,DRUG
,DRUG
,DRUG
,DRUG
,OTHER
,DRUG
,DRUG
,DIETARY_SUPPLEMENT
,
,
,OTHER
,OTHER
,OTHER
,PROCEDURE
,PROCEDURE
,BIOLOGICAL
,DRUG
,DRUG
,DRUG
,PROCEDURE
,PROCEDURE
,BEHAVIORAL
,DRUG
,DRUG
,DRUG
,DRUG
,DRUG
,DRUG
,
,BIOLOGICAL
,
,DRUG
,DRUG
,DRUG
,DRUG
,DRUG
,DRUG
,BIOLOGICAL
,COMBINATION_PRODUCT
,DRUG
,DRUG
,OTHER
,OTHER
,DIETARY_SUPPLEMENT
,DIETARY_SUPPLEMENT
,DIETARY_SUPPLEMENT
,DIETARY_SUPPLEMENT
,BIOLOGICAL
,BIOLOGICAL
,
,DRUG
,DRUG
,BIOLOGICAL
,DRUG
,DEVICE
,PROCEDURE
,PROCEDURE
,PROCEDURE
,DRUG
,PROCEDURE
,BIOLOGICAL
,BIOLOGICAL
,PROCEDURE
,
,OTHER
,BIOLOGICAL
,DEVICE
,OTHER
,DRUG
,DRUG
,DRUG
,BIOLOGICAL
,DEVICE
,DRUG
,DRUG
,OTHER
,BEHAVIORAL
,DRUG
,DRUG
,DRUG
,DRUG
,PROCEDURE
,DRUG
,DRUG
,DRUG
,DRUG
,DRUG
,DRUG
,
,OTHER
,OTHER
,OTHER
,OTHER
,DRUG
,DRUG
,DRUG
,COMBINATION_PRODUCT
,COMBINATION_PRODUCT
,DRUG
,BIOLOGICAL
,PROCEDURE
,PROCEDURE
,PROCEDURE
,PROCEDURE
,PROCEDURE
,DRUG
,OTHER
,OTHER
,
,OTHER
,OTHER
,DIAGNOSTIC_TEST
,DEVICE
,DRUG
,DRUG
,DRUG
,DEVICE
,PROCEDURE
,DRUG
,DRUG
,
,DEVICE
,BIOLOGICAL
,OTHER
,OTHER
,BEHAVIORAL
,BEHAVIORAL
,BEHAVIORAL
,BEHAVIORAL
,DRUG
,DRUG
,DRUG
,DRUG
,DRUG
,DRUG
,DRUG
,DEVICE
,DEVICE
,DEVICE
,OTHER
,DIAGNOSTIC_TEST
,DEVICE
,DEVICE
,DIAGNOSTIC_TEST
,OTHER
,DRUG
,DRUG
,DRUG
,PROCEDURE
,PROCEDURE
,BEHAVIORAL
,BEHAVIORAL
,DEVICE
,PROCEDURE
,DRUG
,BIOLOGICAL
,DIAGNOSTIC_TEST
,DEVICE
,OTHER
,OTHER
,DRUG
,DRUG
,DRUG
,DRUG
,DRUG
,DRUG
,DRUG
,DRUG
,
,PROCEDURE
,PROCEDURE
,OTHER
,BEHAVIORAL
,PROCEDURE
,PROCEDURE
,PROCEDURE
,PROCEDURE
,PROCEDURE
,DRUG
,
,PROCEDURE
,OTHER
,DRUG
,DRUG
,DRUG
,DRUG
,BEHAVIORAL
,PROCEDURE
,DRUG
,DRUG
,BEHAVIORAL
,BEHAVIORAL
,DEVICE
,PROCEDURE
,OTHER
,DIETARY_SUPPLEMENT
,DIETARY_SUPPLEMENT
,
,
,DRUG
,COMBINATION_PRODUCT
,OTHER
,DRUG
,PROCEDURE
,PROCEDURE
,PROCEDURE
,RADIATION
,DRUG
,OTHER
,OTHER
,
,DEVICE
,DEVICE
,DEVICE
,PROCEDURE
,DRUG
,DRUG
,DRUG
,
,OTHER
,RADIATION
,DRUG
,DRUG
,BIOLOGICAL
,BIOLOGICAL
,DRUG
,DRUG
,DRUG
,DRUG
,DRUG
,DRUG
,PROCEDURE
,PROCEDURE
,DRUG
,DRUG
,DRUG
,
,COMBINATION_PRODUCT
,OTHER
,OTHER
,OTHER
,DRUG
,DRUG
,DRUG
,BEHAVIORAL
,BEHAVIORAL
,
,OTHER
,OTHER
,DRUG
,DRUG
,
,DRUG
,
,
,DEVICE
,DEVICE
,DEVICE
,DRUG
,DRUG
,DIETARY_SUPPLEMENT
,DEVICE
,DRUG
,DRUG
,DRUG
,OTHER
,OTHER
,DIAGNOSTIC_TEST
,DRUG
,DRUG
,PROCEDURE
,PROCEDURE
,DRUG
,DRUG
,BIOLOGICAL
,RADIATION
,BIOLOGICAL
,BIOLOGICAL
,DRUG
,DRUG
,DRUG
,DRUG
,BEHAVIORAL
,
,DRUG
,DRUG
,DRUG
,DRUG
,OTHER
,DRUG
,DRUG
,DEVICE
,OTHER
,OTHER
,DRUG
,DRUG
,DRUG
,RADIATION
,RADIATION
,OTHER
,OTHER
,PROCEDURE
,PROCEDURE
,PROCEDURE
,PROCEDURE
,PROCEDURE
,PROCEDURE
,DRUG
,DRUG
,DRUG
,DRUG
,PROCEDURE
,OTHER
,OTHER
,DRUG
,DRUG
,DRUG
,DRUG
,DRUG
,DRUG
,DIETARY_SUPPLEMENT
,OTHER
,OTHER
,PROCEDURE
,PROCEDURE
,PROCEDURE
,DRUG
,PROCEDURE
,PROCEDURE
,DRUG
,BIOLOGICAL
,PROCEDURE
,BIOLOGICAL
,PROCEDURE
,DRUG
,DRUG
,DRUG
,DRUG
,DRUG
,RADIATION
,OTHER
,PROCEDURE
,DRUG
,OTHER
,PROCEDURE
,OTHER
,OTHER
,DRUG
,DRUG
,BIOLOGICAL
,
,OTHER
,OTHER
,DRUG
,OTHER
,OTHER
,OTHER
,BIOLOGICAL
,OTHER
,DEVICE
,
,
,BEHAVIORAL
,BEHAVIORAL
,OTHER
,BIOLOGICAL
,BIOLOGICAL
,DRUG
,OTHER
,BEHAVIORAL
,
,DRUG
,DRUG
,PROCEDURE
,DRUG
,DRUG
,DRUG
,DRUG
,DRUG
,OTHER
,OTHER
,PROCEDURE
,OTHER
,DRUG
,PROCEDURE
,PROCEDURE
,DEVICE
,
,BIOLOGICAL
,BIOLOGICAL
,BIOLOGICAL
,BIOLOGICAL
,DRUG
,PROCEDURE
,PROCEDURE
,PROCEDURE
,PROCEDURE
,DRUG
,PROCEDURE
,BIOLOGICAL
,DRUG
,OTHER
,OTHER
,COMBINATION_PRODUCT
,GENETIC
,GENETIC
,GENETIC
,GENETIC
,DEVICE
,
,
,PROCEDURE
,DRUG
,DRUG
,DRUG
,DRUG
,DRUG
,DRUG
,DRUG
,DRUG
,DRUG
,DRUG
,DRUG
,DRUG
,DRUG
,DRUG
,OTHER
,DRUG
,DRUG
,DRUG
,DRUG
,PROCEDURE
,DRUG
,DRUG
,DRUG
,DRUG
,PROCEDURE
,BIOLOGICAL
,PROCEDURE
,DRUG
,PROCEDURE
,DRUG
,DRUG
,DRUG
,DRUG
,DRUG
,PROCEDURE
,PROCEDURE
,DRUG
,DRUG
,PROCEDURE
,PROCEDURE
,DRUG
,DRUG
,DRUG
,PROCEDURE
,DRUG
,DRUG
,DRUG
,DRUG
,DRUG
,DRUG
,PROCEDURE
,PROCEDURE
,BEHAVIORAL
,PROCEDURE
,PROCEDURE
,DRUG
,BEHAVIORAL
,BEHAVIORAL
,
,DEVICE
,DEVICE
,
,DRUG
,DRUG
,DIAGNOSTIC_TEST
,PROCEDURE
,DRUG
,DRUG
,DRUG
,DRUG
,DRUG
,DRUG
,PROCEDURE
,PROCEDURE
,PROCEDURE
,PROCEDURE
,DRUG
,DEVICE
,DEVICE
,DEVICE
,PROCEDURE
,DEVICE
,OTHER
,PROCEDURE
,PROCEDURE
,OTHER
,BEHAVIORAL
,DIAGNOSTIC_TEST
,PROCEDURE
,DRUG
,OTHER
,DRUG
,DRUG
,DRUG
,DRUG
,DRUG
,DRUG
,BEHAVIORAL
,DRUG
,DRUG
,DRUG
,PROCEDURE
,PROCEDURE
,DRUG
,DRUG
,DRUG
,DRUG
,
,PROCEDURE
,PROCEDURE
,PROCEDURE
,BIOLOGICAL
,PROCEDURE
,BIOLOGICAL
,PROCEDURE
,
,
,DRUG
,PROCEDURE
,PROCEDURE
,PROCEDURE
,PROCEDURE
,PROCEDURE
,PROCEDURE
,PROCEDURE
,BIOLOGICAL
,OTHER
,PROCEDURE
,PROCEDURE
,PROCEDURE
,DRUG
,DRUG
,DRUG
,OTHER
,PROCEDURE
,PROCEDURE
,PROCEDURE
,PROCEDURE
,PROCEDURE
,PROCEDURE
,DRUG
,DRUG
,
,OTHER
,DIAGNOSTIC_TEST
,DIAGNOSTIC_TEST
,DIAGNOSTIC_TEST
,DRUG
,DRUG
,BEHAVIORAL
,BEHAVIORAL
,DRUG
,DRUG
,
,
,DRUG
,DRUG
,DRUG
,RADIATION
,DEVICE
,DEVICE
,DRUG
,DRUG
,DRUG
,DRUG
,DEVICE
,PROCEDURE
,DEVICE
,DEVICE
,DEVICE
,BEHAVIORAL
,BEHAVIORAL
,BEHAVIORAL
,DEVICE
,OTHER
,OTHER
,OTHER
,DEVICE
,DEVICE
,DEVICE
,DEVICE
,DEVICE
,DEVICE
,DEVICE
,DEVICE
,DRUG
,PROCEDURE
,PROCEDURE
,DRUG
,DRUG
,DRUG
,OTHER
,OTHER
,OTHER
,OTHER
,DRUG
,DRUG
,OTHER
,OTHER
,PROCEDURE
,
,
,DRUG
,OTHER
,DRUG
,OTHER
,DRUG
,DRUG
,DRUG
,DEVICE
,DRUG
,PROCEDURE
,PROCEDURE
,PROCEDURE
,PROCEDURE
,DRUG
,DRUG
,DRUG
,OTHER
,OTHER
,
,OTHER
,OTHER
,OTHER
,OTHER
,DRUG
,DRUG
,DRUG
,DRUG
,PROCEDURE
,PROCEDURE
,DRUG
,DIAGNOSTIC_TEST
,DRUG
,DRUG
,
,DRUG
,PROCEDURE
,PROCEDURE
,DRUG
,RADIATION
,DRUG
,DRUG
,DRUG
,DRUG
,
,COMBINATION_PRODUCT
,DRUG
,DRUG
,DRUG
,
,
,DRUG
,DRUG
,
,DRUG
,DRUG
,PROCEDURE
,PROCEDURE
,DRUG
,PROCEDURE
,PROCEDURE
,BIOLOGICAL
,DRUG
,DRUG
,DRUG
,PROCEDURE
,
,BEHAVIORAL
,DRUG
,DRUG
,DRUG
,
,BEHAVIORAL
,BEHAVIORAL
,DRUG
,DRUG
,DRUG
,DRUG
,DRUG
,DEVICE
,OTHER
,DEVICE
,DEVICE
,BEHAVIORAL
,BEHAVIORAL
,OTHER
,OTHER
,BIOLOGICAL
,DRUG
,OTHER
,BIOLOGICAL
,BEHAVIORAL
,DRUG
,DRUG
,DRUG
,DRUG
,DRUG
,BIOLOGICAL
,OTHER
,OTHER
,
,DIAGNOSTIC_TEST
,DRUG
,DRUG
,DRUG
,OTHER
,BEHAVIORAL
,DRUG
,DIAGNOSTIC_TEST
,
,BIOLOGICAL
,DRUG
,DEVICE
,OTHER
,DRUG
,DRUG
,PROCEDURE
,PROCEDURE
,PROCEDURE
,DRUG
,DRUG
,PROCEDURE
,DRUG
,PROCEDURE
,DRUG
,OTHER
,PROCEDURE
,
,DRUG
,DRUG
,DRUG
,DRUG
,
,DRUG
,DRUG
,DRUG
,DEVICE
,DRUG
,DEVICE
,DEVICE
,DEVICE
,DIETARY_SUPPLEMENT
,DIETARY_SUPPLEMENT
,DEVICE
,DEVICE
,
,BEHAVIORAL
,BEHAVIORAL
,DEVICE
,DEVICE
,PROCEDURE
,PROCEDURE
,PROCEDURE
,PROCEDURE
,DRUG
,DRUG
,BIOLOGICAL
,BEHAVIORAL
,COMBINATION_PRODUCT
,COMBINATION_PRODUCT
,DIAGNOSTIC_TEST
,
,DRUG
,DRUG
,DRUG
,DRUG
,DRUG
,DRUG
,DRUG
,DEVICE
,DEVICE
,DRUG
,
,OTHER
,DRUG
,DRUG
,DRUG
,DRUG
,DRUG
,DRUG
,DRUG
,DRUG
,DRUG
,DRUG
,DRUG
,DEVICE
,PROCEDURE
,DRUG
,DRUG
,DRUG
,DEVICE
,DRUG
,DRUG
,DRUG
,DRUG
,DIETARY_SUPPLEMENT
,DIETARY_SUPPLEMENT
,DRUG
,DRUG
,DRUG
,BEHAVIORAL
,
,DIAGNOSTIC_TEST
,
,
,OTHER
,DEVICE
,OTHER
,DRUG
,DEVICE
,DRUG
,DRUG
,
,DIAGNOSTIC_TEST
,OTHER
,OTHER
,PROCEDURE
,PROCEDURE
,DRUG
,GENETIC
,RADIATION
,PROCEDURE
,DRUG
,PROCEDURE
,PROCEDURE
,BIOLOGICAL
,PROCEDURE
,PROCEDURE
,DRUG
,PROCEDURE
,PROCEDURE
,BIOLOGICAL
,BIOLOGICAL
,BIOLOGICAL
,
,DEVICE
,DEVICE
,BIOLOGICAL
,DRUG
,DRUG
,DRUG
,OTHER
,DRUG
,OTHER
,DRUG
,DEVICE
,DEVICE
,DEVICE
,OTHER
,DIETARY_SUPPLEMENT
,DRUG
,DRUG
,DRUG
,DIETARY_SUPPLEMENT
,OTHER
,DRUG
,DRUG
,DRUG
,DRUG
,DRUG
,
,
,OTHER
,OTHER
,DEVICE
,
,DRUG
,DRUG
,OTHER
,PROCEDURE
,PROCEDURE
,PROCEDURE
,DRUG
,BEHAVIORAL
,
,DRUG
,DEVICE
,DEVICE
,DEVICE
,DRUG
,DEVICE
,OTHER
,DEVICE
,DRUG
,DRUG
,BIOLOGICAL
,
,DRUG
,DRUG
,DRUG
,DRUG
,DRUG
,DRUG
,DRUG
,DRUG
,BEHAVIORAL
,OTHER
,PROCEDURE
,BIOLOGICAL
,PROCEDURE
,PROCEDURE
,PROCEDURE
,DRUG
,DRUG
,OTHER
,DRUG
,DRUG
,
,BEHAVIORAL
,BEHAVIORAL
,BIOLOGICAL
,BIOLOGICAL
,PROCEDURE
,DRUG
,DRUG
,PROCEDURE
,PROCEDURE
,DRUG
,DRUG
,DRUG
,BIOLOGICAL
,PROCEDURE
,PROCEDURE
,PROCEDURE
,PROCEDURE
,OTHER
,DRUG
,
,DRUG
,PROCEDURE
,PROCEDURE
,DRUG
,DRUG
,PROCEDURE
,DRUG
,OTHER
,OTHER
,OTHER
,PROCEDURE
,
,BIOLOGICAL
,BIOLOGICAL
,BIOLOGICAL
,OTHER
,
,OTHER
,BEHAVIORAL
,BEHAVIORAL
,DRUG
,DRUG
,DRUG
,
,OTHER
,OTHER
,OTHER
,PROCEDURE
,PROCEDURE
,PROCEDURE
,BIOLOGICAL
,PROCEDURE
,PROCEDURE
,BIOLOGICAL
,BIOLOGICAL
,BEHAVIORAL
,BEHAVIORAL
,DRUG
,DEVICE
,DEVICE
,DRUG
,DRUG
,DRUG
,DRUG
,DRUG
,DRUG
,DRUG
,DRUG
,DEVICE
,DRUG
,DRUG
,BEHAVIORAL
,DRUG
,DRUG
,
,OTHER
,OTHER
,
,DIAGNOSTIC_TEST
,DRUG
,DRUG
,RADIATION
,OTHER
,
,DRUG
,DRUG
,DRUG
,
,DRUG
,DRUG
,OTHER
,OTHER
,OTHER
,BIOLOGICAL
,BIOLOGICAL
,OTHER
,OTHER
,OTHER
,OTHER
,OTHER
,DRUG
,
,
,DRUG
,DRUG
,PROCEDURE
,PROCEDURE
,PROCEDURE
,OTHER
,PROCEDURE
,DRUG
,RADIATION
,PROCEDURE
,OTHER
,BEHAVIORAL
,BEHAVIORAL
,OTHER
,DEVICE
,OTHER
,OTHER
,OTHER
,DRUG
,DRUG
,
,DRUG
,DRUG
,DRUG
,DRUG
,DRUG
,DRUG
,DRUG
,DRUG
,DRUG
,
,
,PROCEDURE
,DRUG
,DEVICE
,BEHAVIORAL
,BEHAVIORAL
,
,DIETARY_SUPPLEMENT
,DRUG
,DRUG
,DRUG
,DRUG
,DEVICE
,DRUG
,DRUG
,DIETARY_SUPPLEMENT
,DRUG
,DRUG
,DRUG
,BEHAVIORAL
,DEVICE
,DRUG
,BIOLOGICAL
,DRUG
,DRUG
,DRUG
,PROCEDURE
,DRUG
,PROCEDURE
,DRUG
,BIOLOGICAL
,PROCEDURE
,OTHER
,RADIATION
,PROCEDURE
,PROCEDURE
,DRUG
,DRUG
,DRUG
,DRUG
,DRUG
,DRUG
,DRUG
,DRUG
,OTHER
,OTHER
,DRUG
,DRUG
,DRUG
,DRUG
,DIAGNOSTIC_TEST
,OTHER
,DRUG
,DIETARY_SUPPLEMENT
,OTHER
,DRUG
,BEHAVIORAL
,BEHAVIORAL
,OTHER
,
,DEVICE
,DRUG
,DRUG
,BIOLOGICAL
,BIOLOGICAL
,DRUG
,DRUG
,DEVICE
,
,PROCEDURE
,DRUG
,DRUG
,BIOLOGICAL
,OTHER
,PROCEDURE
,DRUG
,OTHER
,DIAGNOSTIC_TEST
,OTHER
,DRUG
,
,DRUG
,DEVICE
,DIAGNOSTIC_TEST
,OTHER
,DRUG
,BEHAVIORAL
,BEHAVIORAL
,BEHAVIORAL
,
,OTHER
,OTHER
,BEHAVIORAL
,DEVICE
,PROCEDURE
,DEVICE
,DEVICE
,DRUG
,DRUG
,DRUG
,PROCEDURE
,PROCEDURE
,DRUG
,
,PROCEDURE
,BIOLOGICAL
,PROCEDURE
,RADIATION
,RADIATION
,PROCEDURE
,PROCEDURE
,OTHER
,PROCEDURE
,PROCEDURE
,DRUG
,OTHER
,DRUG
,OTHER
,DRUG
,
,DRUG
,PROCEDURE
,OTHER
,PROCEDURE
,PROCEDURE
,DIAGNOSTIC_TEST
,DRUG
,PROCEDURE
,OTHER
,PROCEDURE
,PROCEDURE
,PROCEDURE
,PROCEDURE
,BIOLOGICAL
,OTHER
,OTHER
,OTHER
,
,DRUG
,DRUG
,DRUG
,DRUG
,OTHER
,DIETARY_SUPPLEMENT
,DIETARY_SUPPLEMENT
,DRUG
,DRUG
,BIOLOGICAL
,BIOLOGICAL
,BIOLOGICAL
,BIOLOGICAL
,BIOLOGICAL
,BIOLOGICAL
,DRUG
,OTHER
,DRUG
,DRUG
,DRUG
,OTHER
,COMBINATION_PRODUCT
,COMBINATION_PRODUCT
,DRUG
,
,DRUG
,DRUG
,DRUG
,DRUG
,DRUG
,DRUG
,DRUG
,PROCEDURE
,PROCEDURE
,BEHAVIORAL
,DIETARY_SUPPLEMENT
,DIETARY_SUPPLEMENT
,DRUG
,OTHER
,DRUG
,DEVICE
,BIOLOGICAL
,OTHER
,DRUG
,DRUG
,DRUG
,DRUG
,PROCEDURE
,PROCEDURE
,DRUG
,RADIATION
,DRUG
,DRUG
,PROCEDURE
,BEHAVIORAL
,OTHER
,OTHER
,
,DRUG
,DRUG
,DRUG
,DRUG
,DRUG
,DRUG
,DRUG
,DRUG
,
,
,
,DRUG
,PROCEDURE
,PROCEDURE
,PROCEDURE
,DRUG
,DRUG
,DRUG
,DEVICE
,DEVICE
,DRUG
,DRUG
,
,
,DRUG
,DRUG
,
,PROCEDURE
,PROCEDURE
,OTHER
,
,BEHAVIORAL
,BEHAVIORAL
,BEHAVIORAL
,BIOLOGICAL
,PROCEDURE
,DRUG
,PROCEDURE
,PROCEDURE
,DRUG
,BIOLOGICAL
,DEVICE
,DRUG
,DIAGNOSTIC_TEST
,DIAGNOSTIC_TEST
,OTHER
,
,
,DRUG
,BEHAVIORAL
,BEHAVIORAL
,DEVICE
,DRUG
,DRUG
,DRUG
,DRUG
,DRUG
,DRUG
,OTHER
,DRUG
,BIOLOGICAL
,DRUG
,DEVICE
,OTHER
,PROCEDURE
,PROCEDURE
,DRUG
,PROCEDURE
,PROCEDURE
,PROCEDURE
,PROCEDURE
,DRUG
,DIAGNOSTIC_TEST
,DEVICE
,BEHAVIORAL
,BIOLOGICAL
,DRUG
,DRUG
,DRUG
,DRUG
,DEVICE
,DEVICE
,BEHAVIORAL
,BEHAVIORAL
,DEVICE
,DRUG
,DRUG
,DRUG
,DRUG
,DRUG
,BEHAVIORAL
,BIOLOGICAL
,DIETARY_SUPPLEMENT
,DIETARY_SUPPLEMENT
,OTHER
,
,DRUG
,DRUG
,DRUG
,DRUG
,DEVICE
,DEVICE
,PROCEDURE
,COMBINATION_PRODUCT
,DRUG
,COMBINATION_PRODUCT
,DRUG
,DRUG
,OTHER
,OTHER
,BIOLOGICAL
,BEHAVIORAL
,OTHER
,DEVICE
,DEVICE
,OTHER
,DRUG
,DEVICE
,DRUG
,OTHER
,DRUG
,DRUG
,DRUG
,DRUG
,PROCEDURE
,PROCEDURE
,OTHER
,OTHER
,DRUG
,RADIATION
,DRUG
,OTHER
,DRUG
,DRUG
,DRUG
,
,OTHER
,OTHER
,PROCEDURE
,PROCEDURE
,PROCEDURE
,PROCEDURE
,PROCEDURE
,
,PROCEDURE
,PROCEDURE
,DRUG
,DEVICE
,
,DRUG
,DRUG
,DRUG
,BEHAVIORAL
,DRUG
,BEHAVIORAL
,BEHAVIORAL
,
,OTHER
,OTHER
,BIOLOGICAL
,BIOLOGICAL
,BIOLOGICAL
,BIOLOGICAL
,OTHER
,BEHAVIORAL
,DRUG
,PROCEDURE
,BIOLOGICAL
,OTHER
,
,
,GENETIC
,DRUG
,DRUG
,DRUG
,DRUG
,DRUG
,DIAGNOSTIC_TEST
,DIAGNOSTIC_TEST
,DIAGNOSTIC_TEST
,DIAGNOSTIC_TEST
,PROCEDURE
,PROCEDURE
,BEHAVIORAL
,BEHAVIORAL
,BEHAVIORAL
,BEHAVIORAL
,DRUG
,DIETARY_SUPPLEMENT
,DRUG
,DRUG
,DRUG
,PROCEDURE
,OTHER
,BEHAVIORAL
,DIETARY_SUPPLEMENT
,DIETARY_SUPPLEMENT
,DRUG
,DRUG
,DRUG
,DRUG
,DRUG
,DRUG
,DRUG
,DRUG
,DRUG
,DEVICE
,OTHER
,DRUG
,OTHER
,DRUG
,BEHAVIORAL
,BEHAVIORAL
,DRUG
,
,DRUG
,DRUG
,OTHER
,BEHAVIORAL
,OTHER
,OTHER
,DRUG
,DRUG
,OTHER
,OTHER
,OTHER
,DRUG
,DRUG
,PROCEDURE
,BIOLOGICAL
,BEHAVIORAL
,DEVICE
,OTHER
,OTHER
,DRUG
,DRUG
,DRUG
,DRUG
,DRUG
,DRUG
,OTHER
,DRUG
,DRUG
,DRUG
,DRUG
,OTHER
,DRUG
,BEHAVIORAL
,DEVICE
,DEVICE
,
,DRUG
,DRUG
,DRUG
,DRUG
,DRUG
,
,OTHER
,DRUG
,OTHER
,DRUG
,DRUG
,DRUG
,
,DRUG
,
,OTHER
,DEVICE
,DEVICE
,DEVICE
,DRUG
,DRUG
,DRUG
,
,DEVICE
,DEVICE
,
,DRUG
,DRUG
,OTHER
,DRUG
,DRUG
,OTHER
,OTHER
,
,
,DRUG
,DRUG
,DRUG
,OTHER
,OTHER
,
,
,DEVICE
,DEVICE
,DRUG
,DRUG
,DRUG
,
,DRUG
,OTHER
,OTHER
,DRUG
,
,DEVICE
,
,OTHER
,OTHER
,OTHER
,OTHER
,OTHER
,DRUG
,PROCEDURE
,PROCEDURE
,PROCEDURE
,PROCEDURE
,DRUG
,DRUG
,
,OTHER
,BEHAVIORAL
,
,OTHER
,
,BIOLOGICAL
,OTHER
,OTHER
,OTHER
,DEVICE
,
,DRUG
,DRUG
,DRUG
,PROCEDURE
,PROCEDURE
,PROCEDURE
,DRUG
,DRUG
,
,DRUG
,DRUG
,DRUG
,DRUG
,DRUG
,
,DIETARY_SUPPLEMENT
,DRUG
,OTHER
,DRUG
,DRUG
,DRUG
,DRUG
,DRUG
,
,PROCEDURE
,DRUG
,BIOLOGICAL
,PROCEDURE
,PROCEDURE
,DEVICE
,DIETARY_SUPPLEMENT
,
,DRUG
,DRUG
,
,DRUG
,DRUG
,DRUG
,OTHER
,DRUG
,DRUG
,DRUG
,DRUG
,DRUG
,DRUG
,DRUG
,
,DEVICE
,DEVICE
,DEVICE
,
,DRUG
,DRUG
,DRUG
,
,DRUG
,
,DRUG
,DRUG
,OTHER
,DRUG
,DRUG
,DRUG
,DEVICE
,
,DRUG
,DRUG
,BIOLOGICAL
,OTHER
,BEHAVIORAL
,BEHAVIORAL
,DEVICE
,OTHER
,DEVICE
,BEHAVIORAL
,
,DEVICE
,
,
,PROCEDURE
,OTHER
,OTHER
,OTHER
,DRUG
,
,DEVICE
,PROCEDURE
,PROCEDURE
,BIOLOGICAL
,BIOLOGICAL
,DIETARY_SUPPLEMENT
,DIETARY_SUPPLEMENT
,PROCEDURE
,BIOLOGICAL
,PROCEDURE
,OTHER
,PROCEDURE
,PROCEDURE
,PROCEDURE
,OTHER
,PROCEDURE
,PROCEDURE
,PROCEDURE
,BIOLOGICAL
,OTHER
,BIOLOGICAL
,
,OTHER
,OTHER
,DRUG
,DRUG
,
,PROCEDURE
,PROCEDURE
,DRUG
,BIOLOGICAL
,PROCEDURE
,PROCEDURE
,DRUG
,DRUG
,OTHER
,OTHER
,DRUG
,BEHAVIORAL
,BEHAVIORAL
,DRUG
,DRUG
,DRUG
,DRUG
,DRUG
,DRUG
,DRUG
,DRUG
,DRUG
,DRUG
,DRUG
,PROCEDURE
,PROCEDURE
,PROCEDURE
,PROCEDURE
,PROCEDURE
,PROCEDURE
,DRUG
,
,DEVICE
,BEHAVIORAL
,BEHAVIORAL
,BEHAVIORAL
,OTHER
,COMBINATION_PRODUCT
,DRUG
,DRUG
,DRUG
,DRUG
,OTHER
,OTHER
,
,PROCEDURE
,PROCEDURE
,DRUG
,PROCEDURE
,DRUG
,DRUG
,PROCEDURE
,DRUG
,DRUG
,BEHAVIORAL
,BEHAVIORAL
,DRUG
,
,BIOLOGICAL
,BIOLOGICAL
,BIOLOGICAL
,BIOLOGICAL
,BIOLOGICAL
,BIOLOGICAL
,BIOLOGICAL
,BIOLOGICAL
,BIOLOGICAL
,BIOLOGICAL
,OTHER
,DRUG
,DEVICE
,GENETIC
,
,DIAGNOSTIC_TEST
,BIOLOGICAL
,BIOLOGICAL
,
,DRUG
,DRUG
,DRUG
,DRUG
,DRUG
,DRUG
,DRUG
,DRUG
,DRUG
,
,DRUG
,DRUG
,DRUG
,DRUG
,BEHAVIORAL
,DEVICE
,
,OTHER
,OTHER
,BIOLOGICAL
,
,DRUG
,DRUG
,DRUG
,OTHER
,OTHER
,COMBINATION_PRODUCT
,COMBINATION_PRODUCT
,BIOLOGICAL
,OTHER
,OTHER
,OTHER
,BIOLOGICAL
,
,
,PROCEDURE
,DRUG
,PROCEDURE
,BIOLOGICAL
,PROCEDURE
,BIOLOGICAL
,
,
,DRUG
,DRUG
,
,DRUG
,PROCEDURE
,DRUG
,PROCEDURE
,PROCEDURE
,RADIATION
,DEVICE
,PROCEDURE
,PROCEDURE
,DRUG
,PROCEDURE
,PROCEDURE
,PROCEDURE
,DRUG
,DRUG
,PROCEDURE
,DRUG
,PROCEDURE
,BIOLOGICAL
,PROCEDURE
,DRUG
,DRUG
,DRUG
,OTHER
,
,PROCEDURE
,OTHER
,OTHER
,OTHER
,OTHER
,OTHER
,OTHER
,BIOLOGICAL
,BIOLOGICAL
,DRUG
,DRUG
,RADIATION
,DRUG
,DRUG
,DRUG
,DRUG
,DRUG
,DRUG
,PROCEDURE
,PROCEDURE
,OTHER
,DRUG
,
,DRUG
,OTHER
,DRUG
,DRUG
,DRUG
,DRUG
,DIETARY_SUPPLEMENT
,DIETARY_SUPPLEMENT
,DIETARY_SUPPLEMENT
,DIETARY_SUPPLEMENT
,DIETARY_SUPPLEMENT
,DRUG
,OTHER
,DRUG
,OTHER
,
,OTHER
,DRUG
,PROCEDURE
,PROCEDURE
,PROCEDURE
,PROCEDURE
,DRUG
,BIOLOGICAL
,DRUG
,DRUG
,DRUG
,
,
,DRUG
,PROCEDURE
,DRUG
,PROCEDURE
,DRUG
,PROCEDURE
,DRUG
,OTHER
,OTHER
,OTHER
,OTHER
,PROCEDURE
,PROCEDURE
,DRUG
,PROCEDURE
,PROCEDURE
,PROCEDURE
,BIOLOGICAL
,DRUG
,PROCEDURE
,
,BEHAVIORAL
,BEHAVIORAL
,BEHAVIORAL
,DRUG
,DRUG
,DRUG
,DRUG
,DRUG
,DRUG
,DRUG
,
,DRUG
,DRUG
,RADIATION
,BEHAVIORAL
,BEHAVIORAL
,BEHAVIORAL
,BEHAVIORAL
,DEVICE
,PROCEDURE
,RADIATION
,DRUG
,DRUG
,DRUG
,OTHER
,OTHER
,PROCEDURE
,PROCEDURE
,PROCEDURE
,PROCEDURE
,DRUG
,PROCEDURE
,DRUG
,OTHER
,OTHER
,DEVICE
,BEHAVIORAL
,BEHAVIORAL
,BEHAVIORAL
,RADIATION
,RADIATION
,DRUG
,RADIATION
,DEVICE
,PROCEDURE
,DIAGNOSTIC_TEST
,DRUG
,DRUG
,PROCEDURE
,PROCEDURE
,DRUG
,PROCEDURE
,PROCEDURE
,BIOLOGICAL
,GENETIC
,DEVICE
,DRUG
,DEVICE
,DEVICE
,
,OTHER
,DIAGNOSTIC_TEST
,DRUG
,GENETIC
,DRUG
,DRUG
,DRUG
,OTHER
,OTHER
,BEHAVIORAL
,BEHAVIORAL
,BEHAVIORAL
,BEHAVIORAL
,BEHAVIORAL
,DRUG
,DRUG
,
,
,DRUG
,DRUG
,DRUG
,OTHER
,
,DRUG
,PROCEDURE
,PROCEDURE
,PROCEDURE
,DRUG
,PROCEDURE
,DRUG
,BIOLOGICAL
,OTHER
,OTHER
,BIOLOGICAL
,DRUG
,DRUG
,DRUG
,DRUG
,DRUG
,BIOLOGICAL
,BIOLOGICAL
,DIAGNOSTIC_TEST
,BIOLOGICAL
,DRUG
,DRUG
,PROCEDURE
,PROCEDURE
,PROCEDURE
,DRUG
,DRUG
,DEVICE
,DEVICE
,DRUG
,DRUG
,DRUG
,DRUG
,DRUG
,DEVICE
,OTHER
,OTHER
,DRUG
,OTHER
,OTHER
,DRUG
,DRUG
,PROCEDURE
,
,DEVICE
,DRUG
,DRUG
,OTHER
,OTHER
,DIAGNOSTIC_TEST
,DEVICE
,DEVICE
,BIOLOGICAL
,BEHAVIORAL
,DRUG
,DRUG
,PROCEDURE
,PROCEDURE
,PROCEDURE
,PROCEDURE
,DRUG
,OTHER
,PROCEDURE
,OTHER
,PROCEDURE
,PROCEDURE
,PROCEDURE
,DRUG
,DRUG
,DRUG
,DEVICE
,DEVICE
,
,PROCEDURE
,BIOLOGICAL
,DEVICE
,DEVICE
,DEVICE
,DEVICE
,BIOLOGICAL
,
,DRUG
,BEHAVIORAL
,
,DRUG
,DRUG
,PROCEDURE
,DIAGNOSTIC_TEST
,DRUG
,PROCEDURE
,PROCEDURE
,PROCEDURE
,DRUG
,DRUG
,DRUG
,DEVICE
,DEVICE
,DRUG
,
,DRUG
,DRUG
,BEHAVIORAL
,BEHAVIORAL
,
,DEVICE
,BEHAVIORAL
,OTHER
,DRUG
,DRUG
,
,DRUG
,BEHAVIORAL
,BEHAVIORAL
,BEHAVIORAL
,DEVICE
,OTHER
,OTHER
,DRUG
,
,
,OTHER
,
,DRUG
,DRUG
,DRUG
,DRUG
,DEVICE
,DRUG
,DRUG
,DRUG
,DRUG
,DRUG
,DRUG
,DRUG
,BIOLOGICAL
,DRUG
,OTHER
,OTHER
,DRUG
,OTHER
,DRUG
,DRUG
,PROCEDURE
,PROCEDURE
,PROCEDURE
,PROCEDURE
,DRUG
,PROCEDURE
,DRUG
,PROCEDURE
,BIOLOGICAL
,DEVICE
,PROCEDURE
,DRUG
,PROCEDURE
,DRUG
,DRUG
,PROCEDURE
,OTHER
,OTHER
,DRUG
,PROCEDURE
,PROCEDURE
,PROCEDURE
,DRUG
,DRUG
,DRUG
,DRUG
,PROCEDURE
,PROCEDURE
,OTHER
,PROCEDURE
,DRUG
,PROCEDURE
,PROCEDURE
,DRUG
,DRUG
,OTHER
,OTHER
,OTHER
,OTHER
,PROCEDURE
,PROCEDURE
,PROCEDURE
,DRUG
,PROCEDURE
,PROCEDURE
,PROCEDURE
,OTHER
,RADIATION
,DIETARY_SUPPLEMENT
,DRUG
,DRUG
,PROCEDURE
,OTHER
,PROCEDURE
,DEVICE
,DEVICE
,DRUG
,DRUG
,PROCEDURE
,DRUG
,DRUG
,DRUG
,DRUG
,OTHER
,DEVICE
,DRUG
,DRUG
,DRUG
,PROCEDURE
,PROCEDURE
,RADIATION
,PROCEDURE
,DRUG
,OTHER
,DRUG
,DRUG
,
,PROCEDURE
,PROCEDURE
,PROCEDURE
,PROCEDURE
,PROCEDURE
,DRUG
,DRUG
,PROCEDURE
,BIOLOGICAL
,PROCEDURE
,DRUG
,DRUG
,DEVICE
,DRUG
,DRUG
,DRUG
,DRUG
,DRUG
,DRUG
,DRUG
,
,BEHAVIORAL
,OTHER
,DRUG
,DIETARY_SUPPLEMENT
,DIETARY_SUPPLEMENT
,BEHAVIORAL
,BEHAVIORAL
,
,OTHER
,OTHER
,DIETARY_SUPPLEMENT
,PROCEDURE
,PROCEDURE
,PROCEDURE
,OTHER
,OTHER
,
,PROCEDURE
,PROCEDURE
,OTHER
,OTHER
,
,DRUG
,DRUG
,DRUG
,DEVICE
,DEVICE
,BEHAVIORAL
,DEVICE
,BEHAVIORAL
,BIOLOGICAL
,DIAGNOSTIC_TEST
,DIAGNOSTIC_TEST
,
,OTHER
,
,PROCEDURE
,PROCEDURE
,DIAGNOSTIC_TEST
,DEVICE
,DRUG
,DRUG
,PROCEDURE
,BIOLOGICAL
,PROCEDURE
,PROCEDURE
,DRUG
,DRUG
,RADIATION
,DRUG
,OTHER
,OTHER
,DRUG
,DRUG
,DRUG
,DRUG
,OTHER
,PROCEDURE
,PROCEDURE
,BEHAVIORAL
,DRUG
,DRUG
,DRUG
,PROCEDURE
,OTHER
,OTHER
,DRUG
,DRUG
,
,OTHER
,OTHER
,PROCEDURE
,OTHER
,BEHAVIORAL
,OTHER
,OTHER
,DRUG
,BIOLOGICAL
,BIOLOGICAL
,
,
,DRUG
,BEHAVIORAL
,BEHAVIORAL
,DRUG
,DRUG
,OTHER
,OTHER
,BEHAVIORAL
,BEHAVIORAL
,DEVICE
,
,DRUG
,DRUG
,DIETARY_SUPPLEMENT
,OTHER
,DRUG
,DRUG
,DRUG
,DRUG
,DRUG
,DRUG
,DRUG
,BEHAVIORAL
,BEHAVIORAL
,DRUG
,OTHER
,PROCEDURE
,PROCEDURE
,DEVICE
,DEVICE
,BIOLOGICAL
,OTHER
,COMBINATION_PRODUCT
,DRUG
,COMBINATION_PRODUCT
,COMBINATION_PRODUCT
,DRUG
,OTHER
,DRUG
,DRUG
,BEHAVIORAL
,BEHAVIORAL
,DEVICE
,
,DRUG
,DRUG
,DRUG
,DRUG
,RADIATION
,DRUG
,OTHER
,BEHAVIORAL
,
,DRUG
,DRUG
,
,DRUG
,DRUG
,DRUG
,
,DRUG
,DRUG
,DRUG
,RADIATION
,BEHAVIORAL
,
,DRUG
,DRUG
,DRUG
,BEHAVIORAL
,RADIATION
,PROCEDURE
,RADIATION
,DRUG
,
,DRUG
,DRUG
,DRUG
,RADIATION
,
,DRUG
,DRUG
,DRUG
,DRUG
,DIAGNOSTIC_TEST
,DRUG
,OTHER
,DRUG
,OTHER
,
,DRUG
,DRUG
,DEVICE
,DRUG
,DEVICE
,PROCEDURE
,PROCEDURE
,DRUG
,DRUG
,BIOLOGICAL
,OTHER
,DRUG
,PROCEDURE
,PROCEDURE
,DRUG
,PROCEDURE
,RADIATION
,PROCEDURE
,DRUG
,GENETIC
,DRUG
,DRUG
,BEHAVIORAL
,DRUG
,DEVICE
,DRUG
,DRUG
,PROCEDURE
,OTHER
,RADIATION
,PROCEDURE
,DRUG
,PROCEDURE
,DRUG
,DRUG
,
,
,DIETARY_SUPPLEMENT
,DIETARY_SUPPLEMENT
,PROCEDURE
,OTHER
,DRUG
,DRUG
,PROCEDURE
,PROCEDURE
,PROCEDURE
,DIAGNOSTIC_TEST
,DIAGNOSTIC_TEST
,DRUG
,DRUG
,DRUG
,OTHER
,DRUG
,DRUG
,PROCEDURE
,PROCEDURE
,PROCEDURE
,BIOLOGICAL
,PROCEDURE
,DRUG
,DRUG
,DRUG
,DRUG
,DRUG
,OTHER
,DRUG
,DRUG
,RADIATION
,DRUG
,DRUG
,DEVICE
,DEVICE
,DEVICE
,DEVICE
,
,DIAGNOSTIC_TEST
,DRUG
,DIAGNOSTIC_TEST
,DIAGNOSTIC_TEST
,BEHAVIORAL
,PROCEDURE
,PROCEDURE
,DRUG
,DRUG
,PROCEDURE
,DRUG
,PROCEDURE
,BIOLOGICAL
,PROCEDURE
,BIOLOGICAL
,BEHAVIORAL
,BEHAVIORAL
,BEHAVIORAL
,PROCEDURE
,DRUG
,DRUG
,DRUG
,DRUG
,DRUG
,DRUG
,BEHAVIORAL
,OTHER
,DEVICE
,BIOLOGICAL
,PROCEDURE
,PROCEDURE
,PROCEDURE
,PROCEDURE
,DRUG
,PROCEDURE
,BIOLOGICAL
,DRUG
,DRUG
,OTHER
,DRUG
,BIOLOGICAL
,
,DRUG
,DRUG
,
,DRUG
,PROCEDURE
,PROCEDURE
,DRUG
,OTHER
,PROCEDURE
,PROCEDURE
,DRUG
,PROCEDURE
,BIOLOGICAL
,PROCEDURE
,PROCEDURE
,DRUG
,RADIATION
,DRUG
,DRUG
,PROCEDURE
,PROCEDURE
,DRUG
,OTHER
,
,BEHAVIORAL
,BEHAVIORAL
,BEHAVIORAL
,
,
,DIAGNOSTIC_TEST
,BIOLOGICAL
,DIETARY_SUPPLEMENT
,PROCEDURE
,PROCEDURE
,PROCEDURE
,PROCEDURE
,BEHAVIORAL
,BEHAVIORAL
,BEHAVIORAL
,DRUG
,DRUG
,DRUG
,PROCEDURE
,PROCEDURE
,DRUG
,DRUG
,DRUG
,DRUG
,
,PROCEDURE
,PROCEDURE
,PROCEDURE
,PROCEDURE
,DRUG
,DRUG
,OTHER
,
,DRUG
,DRUG
,DRUG
,DRUG
,DRUG
,OTHER
,OTHER
,OTHER
,OTHER
,BIOLOGICAL
,DRUG
,PROCEDURE
,PROCEDURE
,PROCEDURE
,DRUG
,DRUG
,DRUG
,PROCEDURE
,PROCEDURE
,DRUG
,BIOLOGICAL
,DRUG
,DRUG
,DIAGNOSTIC_TEST
,DIAGNOSTIC_TEST
,BEHAVIORAL
,BEHAVIORAL
,BEHAVIORAL
,BEHAVIORAL
,BEHAVIORAL
,BEHAVIORAL
,DEVICE
,DEVICE
,DEVICE
,BIOLOGICAL
,OTHER
,OTHER
,DRUG
,DRUG
,OTHER
,OTHER
,OTHER
,DRUG
,DRUG
,
,PROCEDURE
,BIOLOGICAL
,DRUG
,PROCEDURE
,DRUG
,DRUG
,DRUG
,DRUG
,DRUG
,OTHER
,RADIATION
,PROCEDURE
,BIOLOGICAL
,PROCEDURE
,DRUG
,DRUG
,DRUG
,OTHER
,DRUG
,DRUG
,
,
,DEVICE
,DEVICE
,BEHAVIORAL
,DEVICE
,OTHER
,BEHAVIORAL
,
,DRUG
,
,PROCEDURE
,OTHER
,PROCEDURE
,OTHER
,PROCEDURE
,DRUG
,DRUG
,DRUG
,DRUG
,DRUG
,DRUG
,DRUG
,DRUG
,DEVICE
,DEVICE
,
,OTHER
,OTHER
,OTHER
,OTHER
,OTHER
,PROCEDURE
,DRUG
,PROCEDURE
,BIOLOGICAL
,BIOLOGICAL
,DRUG
,PROCEDURE
,RADIATION
,OTHER
,OTHER
,OTHER
,DRUG
,DEVICE
,PROCEDURE
,PROCEDURE
,PROCEDURE
,BIOLOGICAL
,PROCEDURE
,DRUG
,DIETARY_SUPPLEMENT
,OTHER
,PROCEDURE
,PROCEDURE
,PROCEDURE
,PROCEDURE
,DRUG
,PROCEDURE
,BIOLOGICAL
,DRUG
,PROCEDURE
,OTHER
,OTHER
,DRUG
,DRUG
,
,OTHER
,PROCEDURE
,PROCEDURE
,DRUG
,DRUG
,DRUG
,DEVICE
,DEVICE
,DEVICE
,BIOLOGICAL
,DRUG
,BEHAVIORAL
,BEHAVIORAL
,DRUG
,DRUG
,
,DEVICE
,DEVICE
,DEVICE
,BIOLOGICAL
,OTHER
,OTHER
,
,DRUG
,DRUG
,DRUG
,DRUG
,DRUG
,BEHAVIORAL
,DRUG
,DRUG
,DEVICE
,OTHER
,OTHER
,OTHER
,DRUG
,DRUG
,DRUG
,DRUG
,OTHER
,DRUG
,DRUG
,PROCEDURE
,PROCEDURE
,BIOLOGICAL
,DRUG
,PROCEDURE
,DRUG
,RADIATION
,PROCEDURE
,OTHER
,DEVICE
,DRUG
,DRUG
,DRUG
,DRUG
,DRUG
,OTHER
,OTHER
,OTHER
,COMBINATION_PRODUCT
,DRUG
,BEHAVIORAL
,OTHER
,OTHER
,DRUG
,DRUG
,DRUG
,RADIATION
,RADIATION
,RADIATION
,DRUG
,PROCEDURE
,PROCEDURE
,DRUG
,PROCEDURE
,PROCEDURE
,BIOLOGICAL
,PROCEDURE
,BIOLOGICAL
,PROCEDURE
,DRUG
,BEHAVIORAL
,BEHAVIORAL
,DEVICE
,DEVICE
,OTHER
,PROCEDURE
,DEVICE
,DRUG
,DRUG
,DRUG
,DRUG
,DRUG
,DRUG
,DRUG
,DRUG
,DRUG
,DEVICE
,PROCEDURE
,DRUG
,OTHER
,OTHER
,PROCEDURE
,PROCEDURE
,DEVICE
,OTHER
,
,DRUG
,PROCEDURE
,DRUG
,DRUG
,DRUG
,DRUG
,DRUG
,DRUG
,DRUG
,BIOLOGICAL
,DRUG
,OTHER
,OTHER
,DRUG
,RADIATION
,PROCEDURE
,
,DRUG
,OTHER
,OTHER
,BIOLOGICAL
,
,DRUG
,DRUG
,DRUG
,DRUG
,DRUG
,DRUG
,DRUG
,DRUG
,OTHER
,PROCEDURE
,DRUG
,DRUG
,DRUG
,OTHER
,DRUG
,DRUG
,DRUG
,DRUG
,BEHAVIORAL
,BEHAVIORAL
,OTHER
,BIOLOGICAL
,BIOLOGICAL
,OTHER
,BIOLOGICAL
,DIAGNOSTIC_TEST
,DIAGNOSTIC_TEST
,PROCEDURE
,PROCEDURE
,DRUG
,PROCEDURE
,DRUG
,BIOLOGICAL
,DRUG
,PROCEDURE
,DRUG
,BIOLOGICAL
,PROCEDURE
,DRUG
,PROCEDURE
,OTHER
,DRUG
,DEVICE
,DRUG
,DRUG
,PROCEDURE
,PROCEDURE
,PROCEDURE
,BIOLOGICAL
,PROCEDURE
,BIOLOGICAL
,DEVICE
,BEHAVIORAL
,OTHER
,DRUG
,DRUG
,DRUG
,DRUG
,DRUG
,DRUG
,DRUG
,DRUG
,
,DRUG
,DRUG
,RADIATION
,DRUG
,DIETARY_SUPPLEMENT
,DRUG
,DRUG
,DRUG
,PROCEDURE
,PROCEDURE
,RADIATION
,DRUG
,
,DRUG
,DRUG
,RADIATION
,DRUG
,DRUG
,DRUG
,DRUG
,DRUG
,DRUG
,DRUG
,OTHER
,OTHER
,PROCEDURE
,PROCEDURE
,DRUG
,OTHER
,DRUG
,PROCEDURE
,PROCEDURE
,PROCEDURE
,OTHER
,PROCEDURE
,PROCEDURE
,DRUG
,PROCEDURE
,DRUG
,PROCEDURE
,PROCEDURE
,PROCEDURE
,DRUG
,PROCEDURE
,PROCEDURE
,BIOLOGICAL
,
,PROCEDURE
,PROCEDURE
,DRUG
,DRUG
,BIOLOGICAL
,
,OTHER
,OTHER
,OTHER
,OTHER
,OTHER
,DIETARY_SUPPLEMENT
,DRUG
,DRUG
,DRUG
,DRUG
,DRUG
,DRUG
,DIAGNOSTIC_TEST
,DRUG
,DRUG
,DRUG
,DRUG
,BIOLOGICAL
,BIOLOGICAL
,PROCEDURE
,PROCEDURE
,PROCEDURE
,PROCEDURE
,PROCEDURE
,DRUG
,PROCEDURE
,PROCEDURE
,DRUG
,
,
,PROCEDURE
,PROCEDURE
,RADIATION
,PROCEDURE
,PROCEDURE
,RADIATION
,DRUG
,DRUG
,
,BIOLOGICAL
,OTHER
,
,DEVICE
,PROCEDURE
,PROCEDURE
,PROCEDURE
,PROCEDURE
,PROCEDURE
,DRUG
,PROCEDURE
,PROCEDURE
,PROCEDURE
,DRUG
,DRUG
,
,DRUG
,DRUG
,DRUG
,OTHER
,DIETARY_SUPPLEMENT
,DEVICE
,DRUG
,DRUG
,BEHAVIORAL
,BEHAVIORAL
,OTHER
,
,PROCEDURE
,PROCEDURE
,DRUG
,DRUG
,PROCEDURE
,PROCEDURE
,BIOLOGICAL
,PROCEDURE
,DRUG
,OTHER
,BEHAVIORAL
,BEHAVIORAL
,DIETARY_SUPPLEMENT
,OTHER
,OTHER
,OTHER
,OTHER
,OTHER
,OTHER
,DRUG
,DRUG
,DRUG
,DRUG
,DRUG
,DEVICE
,DEVICE
,DEVICE
,DEVICE
,
,
,DRUG
,DRUG
,DRUG
,BIOLOGICAL
,BIOLOGICAL
,OTHER
,OTHER
,OTHER
,DRUG
,DRUG
,OTHER
,BEHAVIORAL
,BEHAVIORAL
,DRUG
,DRUG
,
,DRUG
,DRUG
,DRUG
,DRUG
,DRUG
,DRUG
,OTHER
,DRUG
,DRUG
,DRUG
,DRUG
,
,OTHER
,BIOLOGICAL
,BIOLOGICAL
,DRUG
,DIETARY_SUPPLEMENT
,DIETARY_SUPPLEMENT
,DIETARY_SUPPLEMENT
,DIETARY_SUPPLEMENT
,BIOLOGICAL
,DRUG
,DEVICE
,DRUG
,DRUG
,DRUG
,DEVICE
,DRUG
,RADIATION
,DRUG
,PROCEDURE
,DRUG
,PROCEDURE
,PROCEDURE
,DRUG
,OTHER
,BIOLOGICAL
,DEVICE
,PROCEDURE
,OTHER
,BEHAVIORAL
,BEHAVIORAL
,OTHER
,DRUG
,DRUG
,
,DRUG
,PROCEDURE
,DIETARY_SUPPLEMENT
,DRUG
,OTHER
,OTHER
,DEVICE
,BEHAVIORAL
,DRUG
,DRUG
,DRUG
,DRUG
,BEHAVIORAL
,
,DRUG
,DRUG
,DRUG
,DRUG
,DEVICE
,BEHAVIORAL
,OTHER
,OTHER
,OTHER
,DEVICE
,PROCEDURE
,PROCEDURE
,PROCEDURE
,BIOLOGICAL
,OTHER
,PROCEDURE
,PROCEDURE
,PROCEDURE
,PROCEDURE
,PROCEDURE
,PROCEDURE
,DRUG
,DRUG
,DRUG
,DRUG
,
,
,OTHER
,OTHER
,DRUG
,DRUG
,DRUG
,DRUG
,RADIATION
,PROCEDURE
,DEVICE
,DEVICE
,DEVICE
,DRUG
,DEVICE
,DEVICE
,DEVICE
,DEVICE
,DEVICE
,DEVICE
,OTHER
,DRUG
,PROCEDURE
,PROCEDURE
,DRUG
,DRUG
,BIOLOGICAL
,DRUG
,PROCEDURE
,OTHER
,BEHAVIORAL
,
,BEHAVIORAL
,DRUG
,OTHER
,BEHAVIORAL
,PROCEDURE
,PROCEDURE
,BEHAVIORAL
,OTHER
,DEVICE
,
,OTHER
,OTHER
,OTHER
,BEHAVIORAL
,BIOLOGICAL
,BIOLOGICAL
,DEVICE
,OTHER
,OTHER
,OTHER
,OTHER
,DRUG
,PROCEDURE
,PROCEDURE
,DRUG
,DRUG
,DRUG
,PROCEDURE
,DRUG
,BIOLOGICAL
,OTHER
,OTHER
,DEVICE
,DEVICE
,DRUG
,DRUG
,DRUG
,DRUG
,OTHER
,OTHER
,OTHER
,PROCEDURE
,COMBINATION_PRODUCT
,DRUG
,BIOLOGICAL
,OTHER
,DRUG
,DRUG
,DRUG
,DRUG
,DRUG
,
,
,
,DRUG
,DRUG
,DRUG
,PROCEDURE
,
,RADIATION
,
,
,DRUG
,DRUG
,
,
,DEVICE
,DEVICE
,DEVICE
,DEVICE
,DEVICE
,OTHER
,OTHER
,OTHER
,OTHER
,OTHER
,OTHER
,DIETARY_SUPPLEMENT
,BIOLOGICAL
,BIOLOGICAL
,DRUG
,DRUG
,BEHAVIORAL
,
,DRUG
,DIAGNOSTIC_TEST
,DRUG
,DEVICE
,BIOLOGICAL
,DEVICE
,OTHER
,DRUG
,
,DIAGNOSTIC_TEST
,PROCEDURE
,PROCEDURE
,DRUG
,PROCEDURE
,PROCEDURE
,PROCEDURE
,PROCEDURE
,PROCEDURE
,DRUG
,DRUG
,PROCEDURE
,PROCEDURE
,DRUG
,PROCEDURE
,OTHER
,OTHER
,OTHER
,PROCEDURE
,DEVICE
,DEVICE
,OTHER
,OTHER
,DEVICE
,DEVICE
,DIAGNOSTIC_TEST
,DEVICE
,PROCEDURE
,OTHER
,PROCEDURE
,PROCEDURE
,PROCEDURE
,PROCEDURE
,PROCEDURE
,PROCEDURE
,PROCEDURE
,
,DRUG
,BEHAVIORAL
,BEHAVIORAL
,DEVICE
,DRUG
,
,OTHER
,OTHER
,OTHER
,OTHER
,OTHER
,OTHER
,
,DEVICE
,DEVICE
,BEHAVIORAL
,OTHER
,DIAGNOSTIC_TEST
,DIAGNOSTIC_TEST
,DIAGNOSTIC_TEST
,OTHER
,
,OTHER
,DIETARY_SUPPLEMENT
,DIETARY_SUPPLEMENT
,PROCEDURE
,PROCEDURE
,PROCEDURE
,PROCEDURE
,PROCEDURE
,DRUG
,BIOLOGICAL
,PROCEDURE
,PROCEDURE
,PROCEDURE
,PROCEDURE
,DRUG
,DRUG
,DRUG
,OTHER
,OTHER
,OTHER
,OTHER
,OTHER
,OTHER
,OTHER
,OTHER
,OTHER
,OTHER
,PROCEDURE
,PROCEDURE
,PROCEDURE
,DRUG
,DRUG
,DRUG
,PROCEDURE
,DRUG
,BIOLOGICAL
,DRUG
,DRUG
,DRUG
,DIETARY_SUPPLEMENT
,DIAGNOSTIC_TEST
,DIAGNOSTIC_TEST
,
,
,PROCEDURE
,DRUG
,PROCEDURE
,DRUG
,PROCEDURE
,OTHER
,DRUG
,BEHAVIORAL
,OTHER
,PROCEDURE
,PROCEDURE
,PROCEDURE
,PROCEDURE
,PROCEDURE
,DRUG
,DRUG
,OTHER
,BEHAVIORAL
,
,OTHER
,OTHER
,DRUG
,PROCEDURE
,PROCEDURE
,PROCEDURE
,DRUG
,DRUG
,DRUG
,BIOLOGICAL
,BIOLOGICAL
,PROCEDURE
,DRUG
,BIOLOGICAL
,DRUG
,BEHAVIORAL
,RADIATION
,DRUG
,DRUG
,DRUG
,DRUG
,DRUG
,DRUG
,DRUG
,DRUG
,DRUG
,DRUG
,
,DRUG
,DRUG
,DRUG
,DRUG
,DRUG
,DRUG
,DRUG
,DRUG
,DRUG
,DRUG
,DRUG
,DRUG
,
,DEVICE
,DEVICE
,
,OTHER
,PROCEDURE
,DIAGNOSTIC_TEST
,PROCEDURE
,DIAGNOSTIC_TEST
,
,OTHER
,DRUG
,OTHER
,OTHER
,DEVICE
,DEVICE
,PROCEDURE
,PROCEDURE
,PROCEDURE
,PROCEDURE
,BIOLOGICAL
,DRUG
,DRUG
,BIOLOGICAL
,OTHER
,BIOLOGICAL
,BIOLOGICAL
,COMBINATION_PRODUCT
,DRUG
,DRUG
,DRUG
,DRUG
,OTHER
,OTHER
,DRUG
,DRUG
,OTHER
,DRUG
,DRUG
,DRUG
,OTHER
,OTHER
,OTHER
,DRUG
,DRUG
,
,OTHER
,PROCEDURE
,PROCEDURE
,PROCEDURE
,DRUG
,DRUG
,PROCEDURE
,DRUG
,BIOLOGICAL
,DRUG
,PROCEDURE
,DRUG
,PROCEDURE
,PROCEDURE
,DRUG
,DRUG
,PROCEDURE
,PROCEDURE
,DRUG
,PROCEDURE
,RADIATION
,PROCEDURE
,OTHER
,DRUG
,DRUG
,DRUG
,PROCEDURE
,DRUG
,
,DEVICE
,
,BEHAVIORAL
,DIAGNOSTIC_TEST
,DIAGNOSTIC_TEST
,DRUG
,DRUG
,OTHER
,DRUG
,DRUG
,OTHER
,BEHAVIORAL
,DEVICE
,DEVICE
,BEHAVIORAL
,DRUG
,DRUG
,DRUG
,DRUG
,OTHER
,DIETARY_SUPPLEMENT
,DIETARY_SUPPLEMENT
,OTHER
,OTHER
,DRUG
,DRUG
,DEVICE
,DIETARY_SUPPLEMENT
,DRUG
,OTHER
,OTHER
,DRUG
,DRUG
,PROCEDURE
,BEHAVIORAL
,BEHAVIORAL
,PROCEDURE
,PROCEDURE
,DEVICE
,
,BEHAVIORAL
,PROCEDURE
,DRUG
,BIOLOGICAL
,DRUG
,PROCEDURE
,DRUG
,PROCEDURE
,RADIATION
,PROCEDURE
,OTHER
,OTHER
,OTHER
,OTHER
,OTHER
,OTHER
,OTHER
,OTHER
,DEVICE
,GENETIC
,PROCEDURE
,DEVICE
,DEVICE
,OTHER
,DEVICE
,DEVICE
,DEVICE
,DRUG
,DRUG
,DRUG
,
,BEHAVIORAL
,PROCEDURE
,PROCEDURE
,PROCEDURE
,OTHER
,PROCEDURE
,PROCEDURE
,PROCEDURE
,PROCEDURE
,OTHER
,OTHER
,OTHER
,OTHER
,OTHER
,DRUG
,DRUG
,OTHER
,PROCEDURE
,DRUG
,
,OTHER
,OTHER
,OTHER
,BEHAVIORAL
,BEHAVIORAL
,BEHAVIORAL
,PROCEDURE
,PROCEDURE
,DRUG
,PROCEDURE
,PROCEDURE
,OTHER
,DEVICE
,BEHAVIORAL
,
,OTHER
,OTHER
,DRUG
,DRUG
,OTHER
,OTHER
,OTHER
,OTHER
,OTHER
,OTHER
,OTHER
,OTHER
,OTHER
,OTHER
,OTHER
,OTHER
,OTHER
,OTHER
,OTHER
,OTHER
,DRUG
,DRUG
,DRUG
,OTHER
,OTHER
,DRUG
,DRUG
,OTHER
,OTHER
,PROCEDURE
,PROCEDURE
,PROCEDURE
,DRUG
,DRUG
,BEHAVIORAL
,
,BEHAVIORAL
,BEHAVIORAL
,BEHAVIORAL
,DRUG
,DIAGNOSTIC_TEST
,DIAGNOSTIC_TEST
,PROCEDURE
,DRUG
,PROCEDURE
,BIOLOGICAL
,PROCEDURE
,DEVICE
,
,PROCEDURE
,PROCEDURE
,PROCEDURE
,OTHER
,DEVICE
,BEHAVIORAL
,OTHER
,DRUG
,DRUG
,
,OTHER
,OTHER
,PROCEDURE
,PROCEDURE
,DRUG
,DRUG
,BIOLOGICAL
,BIOLOGICAL
,DRUG
,DRUG
,DRUG
,DRUG
,DIAGNOSTIC_TEST
,DEVICE
,BEHAVIORAL
,OTHER
,DEVICE
,BEHAVIORAL
,OTHER
,OTHER
,OTHER
,DRUG
,OTHER
,DRUG
,DRUG
,DRUG
,DRUG
,BIOLOGICAL
,DRUG
,DEVICE
,DEVICE
,OTHER
,OTHER
,PROCEDURE
,DEVICE
,PROCEDURE
,OTHER
,
,PROCEDURE
,PROCEDURE
,DEVICE
,PROCEDURE
,BEHAVIORAL
,BEHAVIORAL
,BEHAVIORAL
,DEVICE
,PROCEDURE
,PROCEDURE
,BIOLOGICAL
,PROCEDURE
,BIOLOGICAL
,RADIATION
,BEHAVIORAL
,BEHAVIORAL
,
,
,DRUG
,OTHER
,DEVICE
,BEHAVIORAL
,DRUG
,DRUG
,DRUG
,DRUG
,DEVICE
,DEVICE
,DRUG
,DRUG
,DRUG
,DRUG
,PROCEDURE
,DEVICE
,OTHER
,DRUG
,DRUG
,
,DIETARY_SUPPLEMENT
,OTHER
,
,DRUG
,DRUG
,DRUG
,DRUG
,
,PROCEDURE
,DRUG
,DRUG
,DRUG
,DIAGNOSTIC_TEST
,DIAGNOSTIC_TEST
,OTHER
,OTHER
,DIETARY_SUPPLEMENT
,DIETARY_SUPPLEMENT
,PROCEDURE
,PROCEDURE
,PROCEDURE
,PROCEDURE
,BIOLOGICAL
,DRUG
,DRUG
,DRUG
,DRUG
,
,DEVICE
,PROCEDURE
,DRUG
,BIOLOGICAL
,DRUG
,DRUG
,DRUG
,DRUG
,DRUG
,DRUG
,DRUG
,DRUG
,
,
,
,OTHER
,OTHER
,BEHAVIORAL
,
,DRUG
,DRUG
,OTHER
,PROCEDURE
,PROCEDURE
,PROCEDURE
,DIETARY_SUPPLEMENT
,OTHER
,BIOLOGICAL
,BIOLOGICAL
,DRUG
,DRUG
,DRUG
,
,DRUG
,DRUG
,DIETARY_SUPPLEMENT
,DIETARY_SUPPLEMENT
,BIOLOGICAL
,BIOLOGICAL
,PROCEDURE
,PROCEDURE
,BIOLOGICAL
,PROCEDURE
,BIOLOGICAL
,BIOLOGICAL
,DRUG
,DIAGNOSTIC_TEST
,DIAGNOSTIC_TEST
,DIAGNOSTIC_TEST
,DRUG
,DRUG
,DRUG
,DRUG
,DRUG
,DRUG
,DRUG
,PROCEDURE
,DEVICE
,DEVICE
,OTHER
,OTHER
,OTHER
,RADIATION
,DRUG
,DRUG
,DRUG
,DRUG
,OTHER
,
,PROCEDURE
,DRUG
,OTHER
,PROCEDURE
,PROCEDURE
,PROCEDURE
,PROCEDURE
,DRUG
,PROCEDURE
,PROCEDURE
,DRUG
,DRUG
,DRUG
,PROCEDURE
,DRUG
,DRUG
,DRUG
,DRUG
,DRUG
,DRUG
,PROCEDURE
,PROCEDURE
,DRUG
,DRUG
,PROCEDURE
,RADIATION
,DRUG
,DRUG
,OTHER
,OTHER
,OTHER
,OTHER
,OTHER
,DEVICE
,DRUG
,DRUG
,DRUG
,OTHER
,PROCEDURE
,OTHER
,PROCEDURE
,PROCEDURE
,OTHER
,OTHER
,DRUG
,PROCEDURE
,PROCEDURE
,PROCEDURE
,DRUG
,PROCEDURE
,DRUG
,PROCEDURE
,PROCEDURE
,PROCEDURE
,DRUG
,PROCEDURE
,OTHER
,OTHER
,BIOLOGICAL
,BIOLOGICAL
,BEHAVIORAL
,DEVICE
,PROCEDURE
,BIOLOGICAL
,BIOLOGICAL
,DRUG
,DEVICE
,BEHAVIORAL
,
,
,PROCEDURE
,DRUG
,DRUG
,BEHAVIORAL
,BEHAVIORAL
,OTHER
,DIAGNOSTIC_TEST
,COMBINATION_PRODUCT
,OTHER
,OTHER
,OTHER
,DIAGNOSTIC_TEST
,DRUG
,DEVICE
,DRUG
,DRUG
,DRUG
,DEVICE
,DRUG
,DEVICE
,DRUG
,DRUG
,DRUG
,DRUG
,DRUG
,BEHAVIORAL
,BEHAVIORAL
,BEHAVIORAL
,BEHAVIORAL
,BEHAVIORAL
,
,DRUG
,DEVICE
,BEHAVIORAL
,
,
,OTHER
,DRUG
,DRUG
,
,DRUG
,
,DRUG
,DRUG
,OTHER
,
,
,DRUG
,DRUG
,DRUG
,BEHAVIORAL
,OTHER
,PROCEDURE
,PROCEDURE
,
,DEVICE
,PROCEDURE
,PROCEDURE
,
,BEHAVIORAL
,BEHAVIORAL
,BIOLOGICAL
,PROCEDURE
,PROCEDURE
,DRUG
,PROCEDURE
,PROCEDURE
,
,
,DEVICE
,DEVICE
,DRUG
,DEVICE
,DRUG
,DEVICE
,
,GENETIC
,DRUG
,DRUG
,COMBINATION_PRODUCT
,DRUG
,DRUG
,DRUG
,BIOLOGICAL
,PROCEDURE
,PROCEDURE
,PROCEDURE
,PROCEDURE
,DRUG
,OTHER
,DRUG
,DRUG
,
,DRUG
,DRUG
,DRUG
,DRUG
,DRUG
,
,BEHAVIORAL
,DEVICE
,DEVICE
,DIAGNOSTIC_TEST
,DRUG
,DRUG
,
,BIOLOGICAL
,OTHER
,BEHAVIORAL
,BEHAVIORAL
,RADIATION
,
,PROCEDURE
,DRUG
,DRUG
,OTHER
,PROCEDURE
,DRUG
,OTHER
,PROCEDURE
,DRUG
,DRUG
,BIOLOGICAL
,DRUG
,BIOLOGICAL
,DRUG
,DRUG
,OTHER
,PROCEDURE
,DEVICE
,DEVICE
,DRUG
,
,
,DRUG
,DRUG
,OTHER
,
,DRUG
,DRUG
,DRUG
,OTHER
,OTHER
,DRUG
,DEVICE
,PROCEDURE
,DEVICE
,DRUG
,BIOLOGICAL
,PROCEDURE
,OTHER
,DRUG
,DRUG
,DEVICE
,
,
,DRUG
,DRUG
,OTHER
,BEHAVIORAL
,BEHAVIORAL
,OTHER
,BIOLOGICAL
,BIOLOGICAL
,
,OTHER
,
,PROCEDURE
,DRUG
,DRUG
,DRUG
,DRUG
,PROCEDURE
,DRUG
,DRUG
,BIOLOGICAL
,BEHAVIORAL
,DRUG
,DRUG
,DRUG
,PROCEDURE
,COMBINATION_PRODUCT
,PROCEDURE
,PROCEDURE
,PROCEDURE
,DRUG
,PROCEDURE
,BIOLOGICAL
,PROCEDURE
,BIOLOGICAL
,DRUG
,DRUG
,DRUG
,DRUG
,DRUG
,DRUG
,DRUG
,DRUG
,DRUG
,DEVICE
,DEVICE
,
,GENETIC
,BIOLOGICAL
,OTHER
,OTHER
,BEHAVIORAL
,OTHER
,OTHER
,RADIATION
,DRUG
,DRUG
,DRUG
,DRUG
,OTHER
,DRUG
,OTHER
,DRUG
,PROCEDURE
,PROCEDURE
,OTHER
,PROCEDURE
,OTHER
,OTHER
,RADIATION
,PROCEDURE
,PROCEDURE
,DRUG
,DRUG
,DRUG
,OTHER
,DRUG
,DEVICE
,BIOLOGICAL
,BIOLOGICAL
,DIETARY_SUPPLEMENT
,OTHER
,DRUG
,OTHER
,OTHER
,DEVICE
,DRUG
,DEVICE
,OTHER
,OTHER
,PROCEDURE
,DRUG
,DRUG
,DRUG
,
,BIOLOGICAL
,OTHER
,DRUG
,DRUG
,BEHAVIORAL
,
,BEHAVIORAL
,PROCEDURE
,OTHER
,OTHER
,BIOLOGICAL
,OTHER
,OTHER
,RADIATION
,
,OTHER
,DRUG
,DRUG
,OTHER
,BIOLOGICAL
,DRUG
,DEVICE
,DRUG
,DIETARY_SUPPLEMENT
,DIETARY_SUPPLEMENT
,DRUG
,DRUG
,
,
,DEVICE
,DIAGNOSTIC_TEST
,BIOLOGICAL
,DRUG
,DEVICE
,
,DEVICE
,DEVICE
,DEVICE
,DEVICE
,BEHAVIORAL
,DRUG
,DRUG
,DRUG
,DRUG
,DRUG
,DRUG
,DRUG
,DRUG
,BEHAVIORAL
,DRUG
,OTHER
,
,DRUG
,DRUG
,DRUG
,BIOLOGICAL
,
,PROCEDURE
,BIOLOGICAL
,PROCEDURE
,PROCEDURE
,BIOLOGICAL
,PROCEDURE
,
,PROCEDURE
,BIOLOGICAL
,PROCEDURE
,DRUG
,DRUG
,DRUG
,DRUG
,DRUG
,PROCEDURE
,PROCEDURE
,PROCEDURE
,DRUG
,DRUG
,PROCEDURE
,DRUG
,DRUG
,DRUG
,BEHAVIORAL
,DRUG
,PROCEDURE
,PROCEDURE
,
,DRUG
,BEHAVIORAL
,DRUG
,DRUG
,DRUG
,BEHAVIORAL
,OTHER
,OTHER
,DRUG
,DEVICE
,OTHER
,
,BEHAVIORAL
,OTHER
,OTHER
,PROCEDURE
,PROCEDURE
,OTHER
,
,DRUG
,DRUG
,
,BIOLOGICAL
,DRUG
,DRUG
,OTHER
,OTHER
,BEHAVIORAL
,BEHAVIORAL
,PROCEDURE
,DRUG
,PROCEDURE
,PROCEDURE
,BEHAVIORAL
,BEHAVIORAL
,OTHER
,OTHER
,
,DRUG
,DRUG
,DRUG
,OTHER
,OTHER
,DRUG
,DRUG
,BEHAVIORAL
,BEHAVIORAL
,BIOLOGICAL
,BIOLOGICAL
,OTHER
,OTHER
,BIOLOGICAL
,OTHER
,DRUG
,DRUG
,DRUG
,DRUG
,DRUG
,DRUG
,OTHER
,DEVICE
,BEHAVIORAL
,BEHAVIORAL
,DRUG
,DRUG
,DRUG
,OTHER
,DIETARY_SUPPLEMENT
,DRUG
,DIAGNOSTIC_TEST
,DIAGNOSTIC_TEST
,DIAGNOSTIC_TEST
,
,PROCEDURE
,PROCEDURE
,DIAGNOSTIC_TEST
,
,OTHER
,DRUG
,DRUG
,DRUG
,DRUG
,DRUG
,DRUG
,DRUG
,DRUG
,DRUG
,DRUG
,DRUG
,DRUG
,DRUG
,DRUG
,
,OTHER
,OTHER
,OTHER
,DRUG
,DRUG
,DRUG
,DRUG
,PROCEDURE
,PROCEDURE
,RADIATION
,PROCEDURE
,BIOLOGICAL
,OTHER
,DRUG
,DRUG
,DRUG
,DRUG
,DRUG
,DRUG
,BEHAVIORAL
,BEHAVIORAL
,OTHER
,DRUG
,DRUG
,OTHER
,DEVICE
,
,BIOLOGICAL
,DRUG
,BEHAVIORAL
,OTHER
,
,OTHER
,
,
,DRUG
,BIOLOGICAL
,DRUG
,DRUG
,OTHER
,PROCEDURE
,PROCEDURE
,DEVICE
,DEVICE
,OTHER
,OTHER
,OTHER
,OTHER
,OTHER
,OTHER
,OTHER
,DIAGNOSTIC_TEST
,
,OTHER
,OTHER
,PROCEDURE
,DEVICE
,
,DRUG
,DRUG
,DRUG
,DRUG
,DRUG
,OTHER
,OTHER
,OTHER
,DRUG
,DRUG
,DRUG
,BEHAVIORAL
,BEHAVIORAL
,OTHER
,OTHER
,
,OTHER
,OTHER
,DRUG
,PROCEDURE
,COMBINATION_PRODUCT
,DEVICE
,
,DRUG
,DRUG
,DRUG
,DRUG
,DRUG
,BEHAVIORAL
,DRUG
,DRUG
,DRUG
,PROCEDURE
,DRUG
,DRUG
,PROCEDURE
,DRUG
,DRUG
,PROCEDURE
,DRUG
,BIOLOGICAL
,OTHER
,BIOLOGICAL
,BEHAVIORAL
,DRUG
,DRUG
,DIETARY_SUPPLEMENT
,OTHER
,DEVICE
,OTHER
,OTHER
,OTHER
,DEVICE
,PROCEDURE
,DRUG
,DRUG
,
,DRUG
,DRUG
,PROCEDURE
,PROCEDURE
,
,PROCEDURE
,DRUG
,OTHER
,OTHER
,DRUG
,DRUG
,DRUG
,DRUG
,DRUG
,DRUG
,
,DRUG
,DRUG
,DRUG
,DRUG
,PROCEDURE
,PROCEDURE
,PROCEDURE
,DRUG
,DRUG
,DRUG
,DRUG
,PROCEDURE
,PROCEDURE
,PROCEDURE
,DRUG
,DRUG
,DRUG
,PROCEDURE
,PROCEDURE
,
,DRUG
,DRUG
,DRUG
,RADIATION
,PROCEDURE
,PROCEDURE
,PROCEDURE
,DRUG
,DRUG
,DRUG
,DRUG
,RADIATION
,DRUG
,DRUG
,DRUG
,DRUG
,DRUG
,DEVICE
,
,
,DIAGNOSTIC_TEST
,
,
,
,
,PROCEDURE
,PROCEDURE
,
,DRUG
,DRUG
,DEVICE
,OTHER
,
,DRUG
,DRUG
,
,PROCEDURE
,PROCEDURE
,DRUG
,
,
,DRUG
,BEHAVIORAL
,OTHER
,DIETARY_SUPPLEMENT
,DRUG
,DRUG
,DRUG
,BIOLOGICAL
,BIOLOGICAL
,BEHAVIORAL
,DRUG
,DRUG
,DRUG
,PROCEDURE
,PROCEDURE
,OTHER
,OTHER
,
,OTHER
,OTHER
,OTHER
,DRUG
,DRUG
,DRUG
,BIOLOGICAL
,
,DRUG
,BIOLOGICAL
,
,PROCEDURE
,PROCEDURE
,BIOLOGICAL
,PROCEDURE
,BIOLOGICAL
,BEHAVIORAL
,BEHAVIORAL
,
,OTHER
,OTHER
,OTHER
,OTHER
,
,DEVICE
,OTHER
,OTHER
,OTHER
,
,OTHER
,OTHER
,DRUG
,DRUG
,DRUG
,PROCEDURE
,PROCEDURE
,OTHER
,OTHER
,OTHER
,OTHER
,OTHER
,OTHER
,DRUG
,
,DIETARY_SUPPLEMENT
,DIETARY_SUPPLEMENT
,BEHAVIORAL
,DIETARY_SUPPLEMENT
,BEHAVIORAL
,DEVICE
,PROCEDURE
,PROCEDURE
,PROCEDURE
,PROCEDURE
,PROCEDURE
,BIOLOGICAL
,DRUG
,DRUG
,DRUG
,BEHAVIORAL
,DEVICE
,DRUG
,DRUG
,
,OTHER
,DEVICE
,DRUG
,DRUG
,DRUG
,DIAGNOSTIC_TEST
,DIAGNOSTIC_TEST
,DIAGNOSTIC_TEST
,DIAGNOSTIC_TEST
,DIAGNOSTIC_TEST
,DIAGNOSTIC_TEST
,DIAGNOSTIC_TEST
,DIAGNOSTIC_TEST
,DIAGNOSTIC_TEST
,DIAGNOSTIC_TEST
,DIAGNOSTIC_TEST
,BIOLOGICAL
,PROCEDURE
,
,DRUG
,DRUG
,DRUG
,PROCEDURE
,DEVICE
,
,DIETARY_SUPPLEMENT
,
,DRUG
,DEVICE
,OTHER
,DEVICE
,DRUG
,OTHER
,BEHAVIORAL
,BEHAVIORAL
,BEHAVIORAL
,DRUG
,DRUG
,DRUG
,DRUG
,DRUG
,
,BEHAVIORAL
,BEHAVIORAL
,BEHAVIORAL
,
,DRUG
,DEVICE
,
,OTHER
,OTHER
,OTHER
,OTHER
,OTHER
,OTHER
,OTHER
,OTHER
,OTHER
,OTHER
,OTHER
,OTHER
,OTHER
,OTHER
,OTHER
,OTHER
,OTHER
,OTHER
,OTHER
,BEHAVIORAL
,OTHER
,OTHER
,OTHER
,OTHER
,OTHER
,BIOLOGICAL
,OTHER
,
,DIAGNOSTIC_TEST
,BIOLOGICAL
,OTHER
,OTHER
,BEHAVIORAL
,DRUG
,DRUG
,DRUG
,OTHER
,DIAGNOSTIC_TEST
,DRUG
,DRUG
,DIAGNOSTIC_TEST
,DRUG
,PROCEDURE
,PROCEDURE
,DRUG
,PROCEDURE
,BIOLOGICAL
,BIOLOGICAL
,PROCEDURE
,DEVICE
,DRUG
,DRUG
,BIOLOGICAL
,BIOLOGICAL
,BIOLOGICAL
,
,BIOLOGICAL
,BIOLOGICAL
,DRUG
,BIOLOGICAL
,BIOLOGICAL
,OTHER
,DRUG
,DRUG
,
,DRUG
,DRUG
,DRUG
,DRUG
,DEVICE
,DEVICE
,DEVICE
,DRUG
,DRUG
,DRUG
,PROCEDURE
,PROCEDURE
,
,DRUG
,RADIATION
,DRUG
,DRUG
,DRUG
,DRUG
,OTHER
,RADIATION
,PROCEDURE
,OTHER
,RADIATION
,
,DIETARY_SUPPLEMENT
,DIETARY_SUPPLEMENT
,OTHER
,OTHER
,
,DEVICE
,DRUG
,DRUG
,OTHER
,DRUG
,DEVICE
,DEVICE
,OTHER
,
,DRUG
,DEVICE
,
,DRUG
,DRUG
,DRUG
,DRUG
,DRUG
,DRUG
,BIOLOGICAL
,DRUG
,DRUG
,DIETARY_SUPPLEMENT
,
,PROCEDURE
,PROCEDURE
,PROCEDURE
,BIOLOGICAL
,PROCEDURE
,PROCEDURE
,BIOLOGICAL
,DRUG
,DRUG
,
,DIETARY_SUPPLEMENT
,DIETARY_SUPPLEMENT
,OTHER
,OTHER
,
,DIAGNOSTIC_TEST
,DIAGNOSTIC_TEST
,OTHER
,OTHER
,PROCEDURE
,DRUG
,PROCEDURE
,PROCEDURE
,DIAGNOSTIC_TEST
,
,DRUG
,DRUG
,DRUG
,DRUG
,OTHER
,OTHER
,OTHER
,BEHAVIORAL
,BEHAVIORAL
,BEHAVIORAL
,DRUG
,DRUG
,PROCEDURE
,PROCEDURE
,PROCEDURE
,DRUG
,PROCEDURE
,DRUG
,PROCEDURE
,OTHER
,OTHER
,OTHER
,PROCEDURE
,PROCEDURE
,BIOLOGICAL
,BIOLOGICAL
,PROCEDURE
,
,OTHER
,BIOLOGICAL
,DRUG
,DRUG
,GENETIC
,BEHAVIORAL
,BEHAVIORAL
,BEHAVIORAL
,BEHAVIORAL
,DRUG
,DRUG
,PROCEDURE
,DRUG
,DRUG
,PROCEDURE
,PROCEDURE
,PROCEDURE
,BIOLOGICAL
,DRUG
,OTHER
,
,DRUG
,DRUG
,
,PROCEDURE
,PROCEDURE
,PROCEDURE
,RADIATION
,PROCEDURE
,DRUG
,OTHER
,OTHER
,
,OTHER
,OTHER
,OTHER
,
,BIOLOGICAL
,BIOLOGICAL
,OTHER
,DEVICE
,DEVICE
,DEVICE
,DRUG
,PROCEDURE
,BEHAVIORAL
,BIOLOGICAL
,PROCEDURE
,PROCEDURE
,PROCEDURE
,PROCEDURE
,DRUG
,PROCEDURE
,OTHER
,OTHER
,OTHER
,PROCEDURE
,OTHER
,OTHER
,OTHER
,OTHER
,PROCEDURE
,PROCEDURE
,DEVICE
,DRUG
,DRUG
,OTHER
,DRUG
,DRUG
,OTHER
,BIOLOGICAL
,BIOLOGICAL
,DRUG
,DRUG
,DRUG
,DRUG
,BIOLOGICAL
,OTHER
,OTHER
,DRUG
,DRUG
,BIOLOGICAL
,
,OTHER
,OTHER
,OTHER
,OTHER
,OTHER
,OTHER
,OTHER
,BEHAVIORAL
,PROCEDURE
,PROCEDURE
,OTHER
,OTHER
,BIOLOGICAL
,DRUG
,DRUG
,DRUG
,DRUG
,DRUG
,OTHER
,DIAGNOSTIC_TEST
,DIAGNOSTIC_TEST
,PROCEDURE
,PROCEDURE
,DRUG
,DRUG
,DEVICE
,DEVICE
,
,OTHER
,OTHER
,DRUG
,PROCEDURE
,PROCEDURE
,PROCEDURE
,DRUG
,DRUG
,PROCEDURE
,DRUG
,PROCEDURE
,PROCEDURE
,BIOLOGICAL
,DEVICE
,DRUG
,DRUG
,DRUG
,DRUG
,DRUG
,DRUG
,DRUG
,DRUG
,OTHER
,DEVICE
,
,OTHER
,DRUG
,DRUG
,DRUG
,OTHER
,BEHAVIORAL
,
,DRUG
,DRUG
,DRUG
,DRUG
,DRUG
,DRUG
,PROCEDURE
,PROCEDURE
,PROCEDURE
,PROCEDURE
,BIOLOGICAL
,BIOLOGICAL
,RADIATION
,
,DRUG
,DRUG
,PROCEDURE
,PROCEDURE
,PROCEDURE
,RADIATION
,OTHER
,OTHER
,OTHER
,OTHER
,BIOLOGICAL
,BEHAVIORAL
,DEVICE
,BEHAVIORAL
,DEVICE
,DEVICE
,BIOLOGICAL
,BIOLOGICAL
,OTHER
,OTHER
,OTHER
,
,DRUG
,DRUG
,RADIATION
,DRUG
,BEHAVIORAL
,BEHAVIORAL
,DRUG
,DRUG
,DRUG
,DRUG
,PROCEDURE
,PROCEDURE
,PROCEDURE
,DRUG
,PROCEDURE
,PROCEDURE
,DRUG
,BIOLOGICAL
,DRUG
,PROCEDURE
,DRUG
,PROCEDURE
,PROCEDURE
,DRUG
,PROCEDURE
,DRUG
,BEHAVIORAL
,BEHAVIORAL
,BEHAVIORAL
,PROCEDURE
,PROCEDURE
,
,DEVICE
,OTHER
,OTHER
,
,
,DEVICE
,OTHER
,OTHER
,BEHAVIORAL
,BEHAVIORAL
,BEHAVIORAL
,
,PROCEDURE
,PROCEDURE
,PROCEDURE
,PROCEDURE
,PROCEDURE
,DRUG
,DRUG
,PROCEDURE
,DRUG
,DRUG
,BIOLOGICAL
,DRUG
,DRUG
,DRUG
,PROCEDURE
,PROCEDURE
,PROCEDURE
,DRUG
,DRUG
,DRUG
,DRUG
,DRUG
,PROCEDURE
,DRUG
,DRUG
,OTHER
,RADIATION
,DRUG
,DRUG
,PROCEDURE
,DRUG
,DRUG
,BEHAVIORAL
,DEVICE
,
,PROCEDURE
,DRUG
,DRUG
,PROCEDURE
,DRUG
,PROCEDURE
,PROCEDURE
,DRUG
,DRUG
,DRUG
,PROCEDURE
,PROCEDURE
,PROCEDURE
,PROCEDURE
,PROCEDURE
,PROCEDURE
,BIOLOGICAL
,BIOLOGICAL
,BIOLOGICAL
,OTHER
,DRUG
,OTHER
,OTHER
,DRUG
,DRUG
,DRUG
,RADIATION
,PROCEDURE
,DRUG
,DRUG
,DRUG
,OTHER
,DRUG
,DRUG
,OTHER
,
,PROCEDURE
,PROCEDURE
,BIOLOGICAL
,OTHER
,OTHER
,PROCEDURE
,DRUG
,DRUG
,DRUG
,DRUG
,DRUG
,DRUG
,PROCEDURE
,PROCEDURE
,DRUG
,PROCEDURE
,BIOLOGICAL
,DRUG
,PROCEDURE
,PROCEDURE
,
,PROCEDURE
,PROCEDURE
,PROCEDURE
,DRUG
,PROCEDURE
,PROCEDURE
,DRUG
,
,DRUG
,BIOLOGICAL
,BIOLOGICAL
,BIOLOGICAL
,BIOLOGICAL
,OTHER
,OTHER
,OTHER
,
,PROCEDURE
,PROCEDURE
,BIOLOGICAL
,OTHER
,DEVICE
,DRUG
,BIOLOGICAL
,DRUG
,DRUG
,DRUG
,RADIATION
,OTHER
,OTHER
,OTHER
,BEHAVIORAL
,BEHAVIORAL
,DRUG
,DEVICE
,
,PROCEDURE
,RADIATION
,
,
,DRUG
,DRUG
,DRUG
,DRUG
,DRUG
,DRUG
,OTHER
,OTHER
,OTHER
,OTHER
,DIETARY_SUPPLEMENT
,OTHER
,PROCEDURE
,PROCEDURE
,RADIATION
,PROCEDURE
,PROCEDURE
,OTHER
,PROCEDURE
,PROCEDURE
,BIOLOGICAL
,PROCEDURE
,PROCEDURE
,DRUG
,PROCEDURE
,DEVICE
,BEHAVIORAL
,BEHAVIORAL
,OTHER
,RADIATION
,BEHAVIORAL
,PROCEDURE
,
,DRUG
,DRUG
,DRUG
,OTHER
,DEVICE
,BIOLOGICAL
,BIOLOGICAL
,
,DRUG
,DRUG
,DRUG
,DRUG
,DRUG
,PROCEDURE
,PROCEDURE
,BIOLOGICAL
,BEHAVIORAL
,BEHAVIORAL
,
,PROCEDURE
,OTHER
,PROCEDURE
,OTHER
,OTHER
,DRUG
,DEVICE
,
,PROCEDURE
,PROCEDURE
,PROCEDURE
,BEHAVIORAL
,BEHAVIORAL
,BEHAVIORAL
,
,DRUG
,DRUG
,COMBINATION_PRODUCT
,BIOLOGICAL
,BIOLOGICAL
,DRUG
,DRUG
,
,OTHER
,DRUG
,DRUG
,BIOLOGICAL
,COMBINATION_PRODUCT
,OTHER
,OTHER
,OTHER
,OTHER
,OTHER
,OTHER
,OTHER
,OTHER
,OTHER
,DRUG
,COMBINATION_PRODUCT
,OTHER
,DEVICE
,DEVICE
,BIOLOGICAL
,OTHER
,DEVICE
,DRUG
,
,PROCEDURE
,
,DRUG
,DRUG
,BEHAVIORAL
,BEHAVIORAL
,BEHAVIORAL
,BIOLOGICAL
,
,PROCEDURE
,PROCEDURE
,PROCEDURE
,DRUG
,DRUG
,DRUG
,DRUG
,PROCEDURE
,PROCEDURE
,PROCEDURE
,DRUG
,DRUG
,DRUG
,DRUG
,DRUG
,DRUG
,PROCEDURE
,OTHER
,PROCEDURE
,DRUG
,OTHER
,DRUG
,RADIATION
,DRUG
,RADIATION
,PROCEDURE
,PROCEDURE
,BIOLOGICAL
,PROCEDURE
,DRUG
,DRUG
,PROCEDURE
,DRUG
,PROCEDURE
,OTHER
,DRUG
,DRUG
,DRUG
,DRUG
,DRUG
,DRUG
,DRUG
,
,DRUG
,DRUG
,DRUG
,DRUG
,DRUG
,PROCEDURE
,DRUG
,OTHER
,DRUG
,PROCEDURE
,PROCEDURE
,DRUG
,OTHER
,
,BIOLOGICAL
,BIOLOGICAL
,DRUG
,DRUG
,BIOLOGICAL
,DRUG
,DRUG
,DRUG
,DRUG
,DRUG
,DRUG
,
,DIETARY_SUPPLEMENT
,BEHAVIORAL
,BEHAVIORAL
,
,OTHER
,OTHER
,OTHER
,OTHER
,BEHAVIORAL
,DRUG
,DEVICE
,DRUG
,DRUG
,
,DIAGNOSTIC_TEST
,BIOLOGICAL
,BIOLOGICAL
,OTHER
,DRUG
,DRUG
,DEVICE
,OTHER
,PROCEDURE
,PROCEDURE
,DRUG
,DRUG
,DRUG
,OTHER
,PROCEDURE
,BIOLOGICAL
,DRUG
,BEHAVIORAL
,DRUG
,DRUG
,DEVICE
,DRUG
,OTHER
,OTHER
,DRUG
,DRUG
,DRUG
,BEHAVIORAL
,BEHAVIORAL
,BEHAVIORAL
,PROCEDURE
,PROCEDURE
,OTHER
,OTHER
,DRUG
,PROCEDURE
,PROCEDURE
,DRUG
,DRUG
,PROCEDURE
,DRUG
,PROCEDURE
,DRUG
,DRUG
,DRUG
,PROCEDURE
,PROCEDURE
,PROCEDURE
,DRUG
,PROCEDURE
,DRUG
,DRUG
,DRUG
,PROCEDURE
,PROCEDURE
,DRUG
,DRUG
,DRUG
,
,DIETARY_SUPPLEMENT
,DRUG
,DRUG
,DRUG
,DRUG
,RADIATION
,DRUG
,DRUG
,BIOLOGICAL
,DRUG
,PROCEDURE
,PROCEDURE
,PROCEDURE
,PROCEDURE
,PROCEDURE
,DRUG
,PROCEDURE
,PROCEDURE
,
,OTHER
,OTHER
,
,DRUG
,DRUG
,
,DRUG
,DRUG
,DRUG
,DRUG
,DRUG
,BIOLOGICAL
,BIOLOGICAL
,DEVICE
,DRUG
,BIOLOGICAL
,OTHER
,DRUG
,PROCEDURE
,DEVICE
,OTHER
,DRUG
,DRUG
,
,DEVICE
,DEVICE
,DEVICE
,PROCEDURE
,DEVICE
,DEVICE
,DRUG
,DRUG
,DRUG
,DEVICE
,BEHAVIORAL
,BEHAVIORAL
,OTHER
,OTHER
,DRUG
,
,BEHAVIORAL
,
,BEHAVIORAL
,BIOLOGICAL
,BIOLOGICAL
,PROCEDURE
,PROCEDURE
,DRUG
,DRUG
,DEVICE
,PROCEDURE
,PROCEDURE
,PROCEDURE
,DRUG
,OTHER
,PROCEDURE
,DRUG
,DEVICE
,DEVICE
,DEVICE
,DEVICE
,DEVICE
,PROCEDURE
,PROCEDURE
,PROCEDURE
,DRUG
,OTHER
,DRUG
,DEVICE
,PROCEDURE
,OTHER
,DIETARY_SUPPLEMENT
,PROCEDURE
,
,DRUG
,DRUG
,DRUG
,DRUG
,DRUG
,OTHER
,OTHER
,DEVICE
,OTHER
,DEVICE
,DRUG
,DRUG
,DRUG
,DRUG
,DRUG
,DRUG
,DRUG
,DRUG
,DRUG
,DRUG
,OTHER
,OTHER
,BEHAVIORAL
,OTHER
,PROCEDURE
,PROCEDURE
,DRUG
,DRUG
,DRUG
,DRUG
,DRUG
,DRUG
,DRUG
,PROCEDURE
,DRUG
,DRUG
,DRUG
,DRUG
,DRUG
,DRUG
,DRUG
,DRUG
,DRUG
,OTHER
,DRUG
,DRUG
,OTHER
,OTHER
,OTHER
,OTHER
,OTHER
,PROCEDURE
,OTHER
,OTHER
,BEHAVIORAL
,DRUG
,DRUG
,OTHER
,DEVICE
,
,DRUG
,DRUG
,DRUG
,DRUG
,DRUG
,BEHAVIORAL
,OTHER
,OTHER
,COMBINATION_PRODUCT
,PROCEDURE
,BEHAVIORAL
,BEHAVIORAL
,DRUG
,DRUG
,DRUG
,OTHER
,BEHAVIORAL
,BEHAVIORAL
,PROCEDURE
,DRUG
,DRUG
,PROCEDURE
,DRUG
,PROCEDURE
,DRUG
,PROCEDURE
,PROCEDURE
,DRUG
,DEVICE
,DIETARY_SUPPLEMENT
,DIETARY_SUPPLEMENT
,OTHER
,
,DRUG
,DRUG
,DRUG
,DRUG
,DRUG
,DRUG
,DRUG
,DIETARY_SUPPLEMENT
,DIETARY_SUPPLEMENT
,DIETARY_SUPPLEMENT
,BEHAVIORAL
,BIOLOGICAL
,
,DRUG
,DRUG
,
,DRUG
,DRUG
,DRUG
,DRUG
,DRUG
,RADIATION
,BIOLOGICAL
,BIOLOGICAL
,DRUG
,DRUG
,PROCEDURE
,DEVICE
,DRUG
,DRUG
,DRUG
,DRUG
,PROCEDURE
,PROCEDURE
,DIAGNOSTIC_TEST
,DEVICE
,OTHER
,OTHER
,DEVICE
,DRUG
,DRUG
,RADIATION
,DRUG
,DRUG
,BEHAVIORAL
,OTHER
,DEVICE
,OTHER
,BEHAVIORAL
,OTHER
,DEVICE
,DEVICE
,OTHER
,DEVICE
,DIAGNOSTIC_TEST
,OTHER
,DRUG
,
,BIOLOGICAL
,BIOLOGICAL
,DRUG
,DRUG
,DRUG
,DRUG
,BEHAVIORAL
,DRUG
,DRUG
,DRUG
,
,DRUG
,DRUG
,PROCEDURE
,RADIATION
,DEVICE
,OTHER
,OTHER
,DIAGNOSTIC_TEST
,DRUG
,DRUG
,DRUG
,DRUG
,DRUG
,DRUG
,DRUG
,DRUG
,
,BIOLOGICAL
,DRUG
,OTHER
,OTHER
,
,BEHAVIORAL
,BEHAVIORAL
,BEHAVIORAL
,BEHAVIORAL
,DRUG
,DRUG
,DEVICE
,DEVICE
,BIOLOGICAL
,BIOLOGICAL
,BIOLOGICAL
,BIOLOGICAL
,BIOLOGICAL
,BIOLOGICAL
,DRUG
,BEHAVIORAL
,OTHER
,OTHER
,DRUG
,DRUG
,PROCEDURE
,DRUG
,PROCEDURE
,DRUG
,DRUG
,PROCEDURE
,DRUG
,BIOLOGICAL
,OTHER
,RADIATION
,PROCEDURE
,BEHAVIORAL
,BEHAVIORAL
,BEHAVIORAL
,DRUG
,DRUG
,DRUG
,DRUG
,DRUG
,DRUG
,OTHER
,DRUG
,DEVICE
,DRUG
,DEVICE
,DEVICE
,DRUG
,DRUG
,
,OTHER
,OTHER
,BIOLOGICAL
,OTHER
,DEVICE
,DRUG
,DRUG
,
,PROCEDURE
,PROCEDURE
,PROCEDURE
,PROCEDURE
,PROCEDURE
,BIOLOGICAL
,DRUG
,DRUG
,DRUG
,DRUG
,DRUG
,OTHER
,DRUG
,PROCEDURE
,OTHER
,OTHER
,BEHAVIORAL
,DEVICE
,OTHER
,BEHAVIORAL
,BEHAVIORAL
,DRUG
,DRUG
,
,DRUG
,
,DRUG
,
,DRUG
,DRUG
,DRUG
,DRUG
,RADIATION
,BEHAVIORAL
,BEHAVIORAL
,
,PROCEDURE
,DRUG
,DRUG
,DRUG
,DRUG
,PROCEDURE
,OTHER
,BIOLOGICAL
,BEHAVIORAL
,
,
,DEVICE
,DEVICE
,RADIATION
,DEVICE
,DEVICE
,OTHER
,OTHER
,PROCEDURE
,DRUG
,
,DRUG
,DEVICE
,PROCEDURE
,DRUG
,PROCEDURE
,PROCEDURE
,OTHER
,DRUG
,DRUG
,BEHAVIORAL
,OTHER
,PROCEDURE
,PROCEDURE
,DIAGNOSTIC_TEST
,DIAGNOSTIC_TEST
,DIETARY_SUPPLEMENT
,OTHER
,OTHER
,DEVICE
,OTHER
,DRUG
,DRUG
,OTHER
,DEVICE
,BIOLOGICAL
,OTHER
,DRUG
,DRUG
,OTHER
,DEVICE
,OTHER
,OTHER
,OTHER
,DIETARY_SUPPLEMENT
,DRUG
,OTHER
,OTHER
,OTHER
,PROCEDURE
,DRUG
,DRUG
,PROCEDURE
,PROCEDURE
,DRUG
,PROCEDURE
,OTHER
,DRUG
,BIOLOGICAL
,DRUG
,OTHER
,PROCEDURE
,PROCEDURE
,OTHER
,DRUG
,OTHER
,DEVICE
,DEVICE
,OTHER
,OTHER
,
,PROCEDURE
,PROCEDURE
,PROCEDURE
,PROCEDURE
,OTHER
,DRUG
,OTHER
,PROCEDURE
,PROCEDURE
,BIOLOGICAL
,BIOLOGICAL
,
,DRUG
,BIOLOGICAL
,PROCEDURE
,PROCEDURE
,BIOLOGICAL
,PROCEDURE
,PROCEDURE
,PROCEDURE
,OTHER
,BEHAVIORAL
,
,DEVICE
,PROCEDURE
,DRUG
,PROCEDURE
,PROCEDURE
,OTHER
,RADIATION
,BIOLOGICAL
,OTHER
,PROCEDURE
,PROCEDURE
,DEVICE
,OTHER
,OTHER
,
,BEHAVIORAL
,DRUG
,DRUG
,OTHER
,DEVICE
,OTHER
,DRUG
,BEHAVIORAL
,PROCEDURE
,DEVICE
,DEVICE
,DRUG
,DEVICE
,DEVICE
,BIOLOGICAL
,DEVICE
,PROCEDURE
,PROCEDURE
,PROCEDURE
,PROCEDURE
,BIOLOGICAL
,OTHER
,DRUG
,OTHER
,OTHER
,DRUG
,DEVICE
,DEVICE
,DRUG
,DRUG
,
,
,OTHER
,OTHER
,
,DRUG
,DRUG
,DRUG
,DRUG
,DRUG
,DRUG
,DRUG
,DRUG
,DRUG
,OTHER
,BEHAVIORAL
,PROCEDURE
,PROCEDURE
,PROCEDURE
,PROCEDURE
,BIOLOGICAL
,DRUG
,
,DRUG
,DRUG
,OTHER
,DRUG
,DRUG
,DRUG
,BEHAVIORAL
,DEVICE
,DRUG
,OTHER
,BEHAVIORAL
,BIOLOGICAL
,DRUG
,DRUG
,DRUG
,DRUG
,OTHER
,OTHER
,BEHAVIORAL
,
,
,
,DEVICE
,BEHAVIORAL
,DRUG
,DRUG
,DRUG
,DRUG
,DRUG
,DRUG
,BEHAVIORAL
,
,PROCEDURE
,PROCEDURE
,DRUG
,PROCEDURE
,OTHER
,DRUG
,RADIATION
,PROCEDURE
,DRUG
,PROCEDURE
,OTHER
,OTHER
,OTHER
,OTHER
,OTHER
,DEVICE
,BEHAVIORAL
,
,PROCEDURE
,DRUG
,DIETARY_SUPPLEMENT
,DIETARY_SUPPLEMENT
,DRUG
,DRUG
,DRUG
,
,DRUG
,DRUG
,DRUG
,OTHER
,OTHER
,OTHER
,OTHER
,OTHER
,DEVICE
,OTHER
,BEHAVIORAL
,OTHER
,DEVICE
,DRUG
,DRUG
,DIETARY_SUPPLEMENT
,BEHAVIORAL
,DRUG
,DRUG
,
,DRUG
,BEHAVIORAL
,OTHER
,OTHER
,PROCEDURE
,BIOLOGICAL
,DRUG
,PROCEDURE
,PROCEDURE
,PROCEDURE
,DRUG
,PROCEDURE
,DRUG
,DRUG
,DRUG
,DRUG
,DRUG
,DRUG
,
,DRUG
,DRUG
,DRUG
,BEHAVIORAL
,OTHER
,DIETARY_SUPPLEMENT
,OTHER
,DRUG
,DRUG
,DRUG
,DRUG
,OTHER
,OTHER
,OTHER
,DRUG
,RADIATION
,OTHER
,OTHER
,OTHER
,
,BIOLOGICAL
,
,BEHAVIORAL
,BEHAVIORAL
,DRUG
,DRUG
,DRUG
,BEHAVIORAL
,BEHAVIORAL
,DRUG
,DRUG
,DRUG
,DRUG
,DRUG
,DRUG
,DRUG
,DRUG
,DRUG
,PROCEDURE
,DRUG
,PROCEDURE
,PROCEDURE
,DRUG
,DRUG
,PROCEDURE
,DRUG
,OTHER
,RADIATION
,OTHER
,PROCEDURE
,OTHER
,OTHER
,
,BEHAVIORAL
,
,
,PROCEDURE
,PROCEDURE
,PROCEDURE
,PROCEDURE
,DRUG
,PROCEDURE
,PROCEDURE
,DRUG
,
,DRUG
,DEVICE
,
,DIAGNOSTIC_TEST
,DRUG
,DRUG
,DRUG
,BIOLOGICAL
,DRUG
,DRUG
,DRUG
,DRUG
,DRUG
,PROCEDURE
,PROCEDURE
,OTHER
,OTHER
,OTHER
,DEVICE
,BEHAVIORAL
,DRUG
,OTHER
,OTHER
,DEVICE
,
,DRUG
,DRUG
,DRUG
,DRUG
,OTHER
,DRUG
,
,DRUG
,DEVICE
,BEHAVIORAL
,BEHAVIORAL
,BEHAVIORAL
,BEHAVIORAL
,OTHER
,OTHER
,OTHER
,OTHER
,DRUG
,DRUG
,PROCEDURE
,PROCEDURE
,DRUG
,DRUG
,PROCEDURE
,PROCEDURE
,BEHAVIORAL
,BEHAVIORAL
,BEHAVIORAL
,BEHAVIORAL
,BEHAVIORAL
,BEHAVIORAL
,OTHER
,RADIATION
,RADIATION
,RADIATION
,RADIATION
,RADIATION
,DEVICE
,OTHER
,OTHER
,DEVICE
,DRUG
,DRUG
,DRUG
,DRUG
,DRUG
,DIAGNOSTIC_TEST
,DRUG
,OTHER
,OTHER
,OTHER
,
,PROCEDURE
,PROCEDURE
,DRUG
,RADIATION
,PROCEDURE
,PROCEDURE
,PROCEDURE
,PROCEDURE
,DRUG
,PROCEDURE
,PROCEDURE
,PROCEDURE
,PROCEDURE
,RADIATION
,PROCEDURE
,DRUG
,OTHER
,DRUG
,OTHER
,DEVICE
,PROCEDURE
,PROCEDURE
,DRUG
,DRUG
,BEHAVIORAL
,BEHAVIORAL
,DRUG
,DRUG
,DRUG
,DRUG
,DIETARY_SUPPLEMENT
,OTHER
,OTHER
,DRUG
,DRUG
,BEHAVIORAL
,DRUG
,DRUG
,DRUG
,DRUG
,DRUG
,DRUG
,DRUG
,DRUG
,PROCEDURE
,PROCEDURE
,DRUG
,DIETARY_SUPPLEMENT
,BIOLOGICAL
,BIOLOGICAL
,DRUG
,DRUG
,DRUG
,DIETARY_SUPPLEMENT
,DIETARY_SUPPLEMENT
,
,DRUG
,DRUG
,DRUG
,DRUG
,RADIATION
,PROCEDURE
,DRUG
,BIOLOGICAL
,DRUG
,DRUG
,
,DRUG
,DRUG
,PROCEDURE
,OTHER
,OTHER
,DRUG
,COMBINATION_PRODUCT
,BEHAVIORAL
,BEHAVIORAL
,DEVICE
,DEVICE
,DRUG
,DRUG
,DRUG
,DRUG
,OTHER
,OTHER
,OTHER
,BEHAVIORAL
,DRUG
,DRUG
,DRUG
,DRUG
,DRUG
,OTHER
,OTHER
,DIAGNOSTIC_TEST
,OTHER
,DRUG
,OTHER
,OTHER
,DEVICE
,DRUG
,DRUG
,BIOLOGICAL
,DRUG
,RADIATION
,DEVICE
,DEVICE
,PROCEDURE
,PROCEDURE
,PROCEDURE
,RADIATION
,DRUG
,PROCEDURE
,PROCEDURE
,
,DRUG
,DRUG
,DRUG
,DRUG
,DRUG
,DRUG
,DRUG
,DRUG
,DRUG
,DRUG
,DRUG
,DRUG
,
,PROCEDURE
,PROCEDURE
,BEHAVIORAL
,
,OTHER
,DIETARY_SUPPLEMENT
,DIETARY_SUPPLEMENT
,OTHER
,DRUG
,DRUG
,DRUG
,PROCEDURE
,PROCEDURE
,DRUG
,DIETARY_SUPPLEMENT
,
,DRUG
,BEHAVIORAL
,BEHAVIORAL
,OTHER
,
,DIAGNOSTIC_TEST
,DIAGNOSTIC_TEST
,DIAGNOSTIC_TEST
,DRUG
,DRUG
,DRUG
,DRUG
,DRUG
,PROCEDURE
,DRUG
,DRUG
,BEHAVIORAL
,
,
,BIOLOGICAL
,DRUG
,DRUG
,OTHER
,OTHER
,OTHER
,OTHER
,OTHER
,OTHER
,PROCEDURE
,DRUG
,DRUG
,BIOLOGICAL
,DRUG
,DRUG
,DRUG
,BIOLOGICAL
,BIOLOGICAL
,DRUG
,DRUG
,DRUG
,PROCEDURE
,PROCEDURE
,PROCEDURE
,PROCEDURE
,PROCEDURE
,PROCEDURE
,BIOLOGICAL
,RADIATION
,PROCEDURE
,OTHER
,PROCEDURE
,
,OTHER
,OTHER
,OTHER
,OTHER
,
,DRUG
,DRUG
,DEVICE
,DRUG
,BIOLOGICAL
,OTHER
,BIOLOGICAL
,DIAGNOSTIC_TEST
,
,DRUG
,DRUG
,DRUG
,DRUG
,DEVICE
,DRUG
,PROCEDURE
,PROCEDURE
,PROCEDURE
,PROCEDURE
,DRUG
,OTHER
,RADIATION
,
,PROCEDURE
,PROCEDURE
,PROCEDURE
,PROCEDURE
,DRUG
,DRUG
,
,OTHER
,PROCEDURE
,BIOLOGICAL
,PROCEDURE
,DRUG
,DRUG
,DRUG
,DRUG
,DRUG
,DRUG
,PROCEDURE
,DRUG
,DRUG
,DRUG
,DRUG
,PROCEDURE
,DRUG
,DRUG
,DRUG
,RADIATION
,DRUG
,DRUG
,DEVICE
,BEHAVIORAL
,BEHAVIORAL
,DRUG
,DRUG
,PROCEDURE
,RADIATION
,PROCEDURE
,BIOLOGICAL
,RADIATION
,DRUG
,DRUG
,DRUG
,DRUG
,BIOLOGICAL
,BIOLOGICAL
,BIOLOGICAL
,BIOLOGICAL
,BIOLOGICAL
,BIOLOGICAL
,BIOLOGICAL
,BIOLOGICAL
,DRUG
,DRUG
,DRUG
,DRUG
,DRUG
,DRUG
,BIOLOGICAL
,DRUG
,DRUG
,OTHER
,RADIATION
,BEHAVIORAL
,OTHER
,OTHER
,OTHER
,RADIATION
,RADIATION
,DRUG
,DRUG
,DRUG
,DRUG
,OTHER
,OTHER
,DIETARY_SUPPLEMENT
,DIETARY_SUPPLEMENT
,OTHER
,PROCEDURE
,PROCEDURE
,PROCEDURE
,PROCEDURE
,DRUG
,PROCEDURE
,PROCEDURE
,PROCEDURE
,PROCEDURE
,DRUG
,DRUG
,BIOLOGICAL
,DRUG
,BEHAVIORAL
,OTHER
,
,DEVICE
,PROCEDURE
,PROCEDURE
,PROCEDURE
,PROCEDURE
,DRUG
,DRUG
,PROCEDURE
,OTHER
,OTHER
,
,DRUG
,OTHER
,OTHER
,BEHAVIORAL
,BEHAVIORAL
,BEHAVIORAL
,BEHAVIORAL
,BEHAVIORAL
,OTHER
,
,DRUG
,DRUG
,DRUG
,PROCEDURE
,PROCEDURE
,PROCEDURE
,OTHER
,PROCEDURE
,PROCEDURE
,PROCEDURE
,PROCEDURE
,OTHER
,DEVICE
,DEVICE
,BEHAVIORAL
,DRUG
,DRUG
,DRUG
,DRUG
,PROCEDURE
,PROCEDURE
,OTHER
,BIOLOGICAL
,DRUG
,DRUG
,DRUG
,DRUG
,PROCEDURE
,PROCEDURE
,PROCEDURE
,DRUG
,OTHER
,PROCEDURE
,
,
,COMBINATION_PRODUCT
,PROCEDURE
,PROCEDURE
,PROCEDURE
,OTHER
,OTHER
,OTHER
,PROCEDURE
,PROCEDURE
,OTHER
,PROCEDURE
,PROCEDURE
,
,PROCEDURE
,PROCEDURE
,PROCEDURE
,PROCEDURE
,BIOLOGICAL
,PROCEDURE
,BIOLOGICAL
,PROCEDURE
,OTHER
,RADIATION
,
,DRUG
,DRUG
,DEVICE
,DEVICE
,DRUG
,DRUG
,
,DRUG
,DRUG
,DEVICE
,BEHAVIORAL
,BEHAVIORAL
,BEHAVIORAL
,
,DRUG
,DRUG
,DRUG
,
,OTHER
,OTHER
,OTHER
,DRUG
,DRUG
,
,
,BEHAVIORAL
,BEHAVIORAL
,OTHER
,OTHER
,OTHER
,OTHER
,OTHER
,OTHER
,OTHER
,OTHER
,OTHER
,DIETARY_SUPPLEMENT
,BEHAVIORAL
,DRUG
,DRUG
,DRUG
,DRUG
,BIOLOGICAL
,
,DRUG
,DRUG
,DRUG
,DRUG
,DRUG
,DRUG
,OTHER
,PROCEDURE
,PROCEDURE
,DRUG
,DRUG
,RADIATION
,PROCEDURE
,PROCEDURE
,DRUG
,DRUG
,
,PROCEDURE
,OTHER
,OTHER
,OTHER
,OTHER
,DIETARY_SUPPLEMENT
,OTHER
,OTHER
,DRUG
,OTHER
,
,DIETARY_SUPPLEMENT
,OTHER
,PROCEDURE
,DIETARY_SUPPLEMENT
,DIETARY_SUPPLEMENT
,DRUG
,
,PROCEDURE
,PROCEDURE
,PROCEDURE
,PROCEDURE
,BIOLOGICAL
,DRUG
,OTHER
,DEVICE
,OTHER
,OTHER
,DRUG
,DRUG
,BEHAVIORAL
,BEHAVIORAL
,DEVICE
,OTHER
,DRUG
,DRUG
,BEHAVIORAL
,OTHER
,DRUG
,DRUG
,PROCEDURE
,BEHAVIORAL
,BEHAVIORAL
,
,
,PROCEDURE
,PROCEDURE
,PROCEDURE
,OTHER
